phase	t	far.op	far.sc	wash.op	ring.op	ring.rot	ring.sc	tk0.op	tk111.op	halo.da	near.op	near.sc	near.tr	skin.op	sk.fill	ax.do	skin.da	ringsv.rot	fig.sc	pulse.op	pulse.tr	surge.op	root.sc	root.so	root.sw	heart.so	crown.sc	crown.so	gl0.op	fn0.op	eye.op	w0.tr	p0.op	acts.op	pri.sh	ghost	stage.op
1-arrive	0	0	0.98	0.82	1	0deg	1	0	0	0px, 100px	1	0.94	65.589px 70px	1	0	100px	none	-24deg	1	0	0px -50%	0	0.2	0.42	1.3px	0.42	0.2	0.42	-	0	0	0px 112%	0	0	color(srgb 0.494118 0.721569 0.831372 /	-	1
1-arrive	40	0.110734	0.982215	0.82	1	0deg	1	0	0	0px, 100px	1	0.946644	65.589px 70px	1	0	100px	none	-24deg	1	0	0px -50%	0	0.2	0.42	1.3px	0.42	0.2	0.42	-	0	0	0px 112%	0	0	color(srgb 0.494118 0.721569 0.831372 /	-	1
1-arrive	80	0.215033	0.984301	0.82	1	0deg	1	0	0	0px, 100px	1	0.952902	65.589px 70px	1	0	100px	none	-24deg	1	0	0px -50%	0	0.2	0.42	1.3px	0.42	0.2	0.42	-	0	0	0px 112%	0	0	color(srgb 0.494118 0.721569 0.831372 /	-	1
1-arrive	120	0.312043	0.986241	0.82	1	0deg	1	0	0	0px, 100px	1	0.958723	65.589px 70px	1	0	100px	none	-22.8012deg	1	0	0px -50%	0	0.2	0.42	1.3px	0.42	0.2	0.42	-	0	0	0px 112%	0	0	color(srgb 0.494118 0.721569 0.831372 /	-	1
1-arrive	160	0.401097	0.988022	0.82	1	0deg	1	0	0	0px, 100px	1	0.964066	65.589px 70px	1	0	99.2356px	none	-20.4897deg	1	0	0px -50%	0	0.2	0.42	1.3px	0.42	0.2	0.42	-	0	0	0px 112%	0	0	color(srgb 0.494118 0.721569 0.831372 /	-	1
1-arrive	200	0.48179	0.989636	0.82	1	0deg	1	0	0	0px, 100px	1	0.968907	65.589px 70px	1	0	96.808px	none	-18.306deg	1	0	0px -50%	0	0.2	0.42	1.3px	0.42	0.2	0.42	-	0	0	0px 112%	0	0	color(srgb 0.494118 0.721569 0.831372 /	-	1
1-arrive	240	0.554011	0.99108	0.82	1	0deg	1	0	0	0px, 100px	1	0.973241	65.589px 70px	1	0	92.5195px	none	-16.2638deg	1	0	0px -50%	0	0.396916	0.42	1.3px	0.42	0.2	0.42	-	0	0	0px 112%	0	0	color(srgb 0.494118 0.721569 0.831372 /	-	1
1-arrive	280	0.617936	0.992359	0.82	1	0deg	1	0	0	0px, 100px	1	0.977076	65.589px 70px	1	0	86.2139px	none	-14.3737deg	1	0	0px -50%	0	1.04308	0.42	1.3px	0.42	0.2	0.42	-	0	0	0px 112%	0	0	color(srgb 0.494118 0.721569 0.831372 /	-	1
1-arrive	320	0.673978	0.99348	0.82	1	0deg	1	0.0905548	0	0px, 100px	1	0.980439	65.589px 70px	1	0	77.8515px	none	-12.6422deg	1	0	0px -50%	0	1.25331	0.42	1.3px	0.42	0.2	0.42	-	0	0	0px 112%	0	0	color(srgb 0.494118 0.721569 0.831372 /	-	1
1-arrive	360	0.722726	0.994455	0.82	1	0deg	1	0.242491	0	0px, 100px	1	0.983364	65.589px 70px	1	0	67.6198px	none	-11.0715deg	1	0	0px -50%	0	1.30837	0.42	1.3px	0.42	0.2	0.42	-	0	0	0px 112%	0	0	color(srgb 0.494118 0.721569 0.831372 /	-	1
1-arrive	400	0.764865	0.995297	0.82	1	0deg	1	0.350469	0	0px, 100px	1	0.985892	65.589px 70px	1	0	56.0391px	none	-9.65933deg	1	0	0px -50%	0	1.31933	0.42	1.3px	0.42	0.2	0.42	-	0	0	0px 112%	0	0	color(srgb 0.494118 0.721569 0.831372 /	-	1
1-arrive	440	0.801117	0.996022	0.82	1	0deg	1	0.420016	0	0px, 100px	1	0.988067	65.589px 70px	1	0	43.9609px	none	-8.39979deg	1	0	0px -50%	0	1.31623	0.42	1.3px	0.42	0.2	0.42	-	0	0	0px 112%	0	0	color(srgb 0.494118 0.721569 0.831372 /	-	1
1-arrive	480	0.832192	0.996644	0.82	1	0deg	1	0.462551	0	0px, 100px	1	0.989932	65.589px 70px	1	0	32.3802px	none	-7.28388deg	1	0	0px -50%	0	1.21	0.42	1.3px	0.42	0.2	0.42	-	0	0	0px 112%	0	0	color(srgb 0.494118 0.721569 0.831372 /	-	1
1-arrive	520	0.858758	0.997175	0.82	1	0deg	1	0.487979	0	0px, 100px	1	0.991526	65.589px 70px	1	0	22.1485px	none	-6.3007deg	1	0	0px -50%	0	1.01628	0.42	1.3px	0.42	0.2	0.42	-	0	0	0px 112%	0	0	color(srgb 0.494118 0.721569 0.831372 /	-	1
1-arrive	560	0.881423	0.997628	0.82	1	0deg	1	0.502933	0	0px, 100px	1	0.992885	65.589px 70px	1	0	13.7861px	none	-5.4383deg	1	0	0px -50%	0	0.940145	0.42	1.3px	0.42	0.2	0.42	-	0	0	0px 112%	0	0	color(srgb 0.494118 0.721569 0.831372 /	-	1
1-arrive	600	0.900728	0.998015	0.82	1	0deg	1	0.511511	0	0px, 100px	1	0.994044	65.589px 70px	1	0	7.48051px	none	-4.6845deg	1	0	0px -50%	0	0.954328	0.42	1.3px	0.42	0.2	0.42	-	0	0	0px 112%	0	0	color(srgb 0.494118 0.721569 0.831372 /	-	1
1-arrive	640	0.917147	0.998343	0.82	1	0deg	1	0.516214	0	0px, 100px	1	0.995029	65.589px 70px	1	0	3.19205px	none	-4.02739deg	1	0	0px -50%	0	0.990044	0.42	1.3px	0.42	0.2	0.42	-	0	0	0px 112%	0	0	color(srgb 0.494118 0.721569 0.831372 /	-	1
1-arrive	680	0.931091	0.998622	0.82	1	0deg	1	0.518593	0	0px, 100px	1	0.995865	65.589px 70px	1	0	0.764389px	none	-3.45577deg	1	0	0px -50%	0	1	0.42	1.3px	0.42	0.854892	0.42	-	0	0	0px 112%	0	0	color(srgb 0.494118 0.721569 0.831372 /	-	1
1-arrive	720	0.942916	0.998858	0.82	1	0deg	1	0.519629	0	0px, 100px	1	0.996575	65.589px 70px	1	0	0px	none	-2.95932deg	1	0	0px -50%	0	1	0.42	1.3px	0.42	1.19942	0.42	-	0	0	0px 112%	0	0	color(srgb 0.494118 0.721569 0.831372 /	-	1
1-arrive	760	0.952927	0.999059	0.82	1	0deg	1	0.519958	0	0px, 100px	1	0.997176	65.589px 70px	1	0	0px	none	-2.52874deg	1	0	0px -50%	0	1	0.42	1.3px	0.42	1.29506	0.42	-	0	0	0px 112%	0	0	color(srgb 0.494118 0.721569 0.831372 /	-	1
1-arrive	800	0.961383	0.999228	0.82	1	0deg	1	0.52	0	0px, 100px	1	0.997683	65.589px 70px	1	0	0px	none	-2.15572deg	1	0	0px -50%	0	1	0.42	1.3px	0.42	1.31728	0.42	-	0	0	0px 112%	0	0	color(srgb 0.494118 0.721569 0.831372 /	-	1
1-arrive	840	0.968508	0.99937	0.82	1	0deg	1	0.52	0	0px, 100px	1	0.99811	65.589px 70px	1	0	0px	none	-1.83294deg	1	0	0px -50%	0	1	0.42	1.3px	0.42	1.32	0.42	-	0	0	0px 112%	0	0	color(srgb 0.494118 0.721569 0.831372 /	-	1
1-arrive	880	0.974493	0.99949	0.82	1	0deg	1	0.52	0.111817	0.074523px, 100px	1	0.99847	65.589px 70px	1	0	0px	none	-1.55394deg	1	0	0px -50%	0	1	0.42	1.3px	0.42	1.27134	0.42	-	0	0	0px 112%	0	0	color(srgb 0.494118 0.721569 0.831372 /	-	1
1-arrive	920	0.979502	0.99959	0.82	1	0deg	1	0.52	0.258393	0.734731px, 100px	1	0.99877	65.589px 70px	1	0	0px	none	-1.31309deg	1	0	0px -50%	0	1	0.42	1.3px	0.42	1.08861	0.42	-	0	0	0px 112%	0	0	color(srgb 0.494118 0.721569 0.831372 /	-	1
1-arrive	960	0.983675	0.999674	0.82	1	0deg	1	0.52	0.361044	2.25982px, 100px	1	0.999021	65.589px 70px	1	0	0px	none	-1.10548deg	1	0	0px -50%	0	1	0.42	1.3px	0.42	0.952712	0.42	-	0	0	0px 112%	0	0	color(srgb 0.494118 0.721569 0.831372 /	-	1
1-arrive	1000	0.987134	0.999743	0.82	1	0deg	1	0.52	0.426576	4.96838px, 100px	1	0.999228	65.589px 70px	1	0	0px	none	-0.926819deg	1	0	0px -50%	0	1	0.42	1.3px	0.42	0.944488	0.42	-	0	0	0px 112%	0	0	color(srgb 0.494118 0.721569 0.831372 /	-	1
1-arrive	1040	0.989982	0.9998	0.82	1	0deg	1	0.52	0.466498	9.3523px, 100px	1	0.999399	65.589px 70px	1	0	0px	none	-0.773389deg	1	0	0px -50%	0	1	0.42	1.3px	0.42	0.976853	0.42	-	0	0	0px 112%	0	0	color(srgb 0.494118 0.721569 0.831372 /	-	1
1-arrive	1080	0.99231	0.999846	0.82	1	0deg	1	0.52	0.490317	16.1353px, 100px	1	0.999539	65.589px 70px	1	0	0px	none	-0.641941deg	1	0	0px -50%	0	1	0.42	1.3px	0.42	0.999452	0.42	-	0.254754	0	0px 112%	0	0	color(srgb 0.494118 0.721569 0.831372 /	-	1
1-arrive	1120	0.994194	0.999884	0.82	1	0deg	1	0.52	0.504291	26.0538px, 100px	1	0.999652	65.589px 70px	1	0	0px	none	-0.529644deg	1	0	0px -50%	0	1	0.42	1.3px	0.42	1	0.42	-	0.526134	0.196589	0px 112%	0	0	color(srgb 0.494118 0.721569 0.831372 /	-	1
1-arrive	1160	0.995703	0.999914	0.82	1	0deg	1	0.52	0.512272	38.6151px, 100px	1	0.999742	65.589px 70px	1	0.0640099	0px	none	-0.434028deg	1	0	0px -50%	0	1	0.42	1.3px	0.42	1	0.42	-	0.713528	0.515664	0px 112%	0	0	color(srgb 0.494118 0.721569 0.831372 /	-	1
1-arrive	1200	0.996894	0.999938	0.82	1	0deg	1	0.52	0.516614	51.1795px, 100px	1	0.999814	65.589px 70px	1	0.298659	0px	none	-0.352936deg	1	0	0px -50%	0	1	0.42	1.3px	0.42	1	0.42	-	0.832192	0.726819	0px 78.5502%	0	0	color(srgb 0.494118 0.721569 0.831372 /	-	1
1-arrive	1240	0.99782	0.999956	0.82	1	0deg	1	0.52	0.51878	61.6792px, 100px	1	0.999869	65.589px 70px	1	0.492625	0px	none	-0.28448deg	1	0	0px -50%	0	1	0.42	1.3px	0.42	1	0.42	-	0.904229	0.851924	0px 52.1656%	0	0	color(srgb 0.494118 0.721569 0.831372 /	-	1
1-arrive	1280	0.998524	0.99997	0.82	1	0deg	1	0.52	0.519699	69.9359px, 100px	1	0.999911	65.589px 70px	1	0.642888	0px	none	-0.227003deg	1	0	0px -50%	0	1	0.42	1.3px	0.42	1	0.42	-	0.947123	0.922484	0px 33.2993%	0.369666	0	color(srgb 0.494118 0.721569 0.831372 /	-	1
1-arrive	1320	0.999046	0.999981	0.82	1	0deg	1	0.52	0.519973	76.4116px, 100px	1	0.999943	65.589px 70px	1	0.753457	0px	none	-0.179052deg	1	0	0px -50%	0	1	0.42	1.3px	0.42	1	0.42	-	0.972224	0.961383	0px 20.7168%	0.633979	0	color(srgb 0.494118 0.721569 0.831372 /	-	1
1-arrive	1360	0.99942	0.999988	0.82	1	0deg	1	0.52	0.52	81.548px, 100px	1	0.999965	65.589px 70px	1	0.832192	0px	none	-0.139348deg	1	0	0px -50%	0	1	0.42	1.3px	0.42	1	0.42	-	0.986494	0.982246	0px 12.6269%	0.798045	0	color(srgb 0.494118 0.721569 0.831372 /	-	1
1-arrive	1400	0.999676	0.999994	0.82	1	0deg	1	0.52	0.52	85.667px, 100px	1	0.999981	65.589px 70px	1	0.88726	0px	none	-0.106763deg	1	0	0px -50%	0	1	0.42	1.3px	0.42	1	0.42	-	0.994194	0.992864	0px 7.51488%	0.892338	0	color(srgb 0.494118 0.721569 0.831372 /	-	1
1-arrive	1440	0.99984	0.999997	0.82	1	0deg	1	0.52	0.52	88.994px, 100px	1	0.99999	65.589px 70px	1	0.925394	0px	none	-0.0803024deg	1	0	0px -50%	0	1	0.42	1.3px	0.42	1	0.42	-	0.997977	0.997746	0px 4.32515%	0.944863	0	color(srgb 0.494118 0.721569 0.831372 /	-	1
1-arrive	1480	0.999934	0.999999	0.82	1	0deg	1	0.52	0.52	91.6891px, 100px	1	0.999996	65.589px 70px	1	0.951597	0px	none	-0.0590862deg	1	0	0px -50%	0	1	0.42	1.3px	0.42	1	0.42	-	0.999535	0.999573	0px 2.36987%	0.973482	0.286351	color(srgb 0.494118 0.721569 0.831372 /	-	1
1-arrive	1520	0.999981	1	0.82	1	0deg	1	0.52	0.52	93.8684px, 100px	1	0.999999	65.589px 70px	1	0.969428	0px	none	-0.0423346deg	1	0	0px -50%	0	1	0.42	1.3px	0.42	1	0.42	-	0.999967	0.999986	0px 1.20676%	0.988499	0.578199	color(srgb 0.494118 0.721569 0.831372 /	-	1
1-arrive	1560	0.999998	1	0.82	1	0deg	1	0.52	0.52	95.6184px, 100px	1	1	65.589px 70px	1	0.981385	0px	none	-0.0293562deg	1	0	0px -50%	0	1	0.42	1.3px	0.42	1	0.42	-	1	1	0px 0.549025%	0.995823	0.764865	color(srgb 0.494118 0.721569 0.831372 /	-	1
1-arrive	1600	1	1	0.82	1	0deg	1	0.52	0.52	97.0054px, 100px	1	1	65.589px 70px	1	0.989225	0px	none	-0.0195363deg	1	0	0px -50%	0	1	0.42	1.3px	0.42	1	0.42	-	1	1	0px 0.20758%	0.99892	0.873597	color(srgb 0.494118 0.721569 0.831372 /	-	1
1-arrive	1640	1	1	0.82	1	0deg	1	0.52	0.52	98.0808px, 100px	1	1	65.589px 70px	1	0.994194	0px	none	-0.0123282deg	1	0	0px -50%	0	1	0.42	1.3px	0.42	1	0.42	-	1	1	0px 0.0555338%	0.999881	0.934513	color(srgb 0.494118 0.721569 0.831372 /	-	1
1-arrive	1680	1	1	0.82	1	0deg	1	0.52	0.52	98.8856px, 100px	1	1	65.589px 70px	1	0.997184	0px	none	-0.00724479deg	1	0	0px -50%	0	1	0.42	1.3px	0.42	1	0.42	-	1	1	0px 0.00630883%	1	0.96791	color(srgb 0.494118 0.721569 0.831372 /	-	1
1-arrive	1720	1	1	0.82	1	0deg	1	0.52	0.52	99.453px, 100px	1	1	65.589px 70px	1	0.998843	0px	none	-0.00385138deg	1	0	0px -50%	0	1	0.42	1.3px	0.42	1	0.42	-	1	1	0px 0%	1	0.985644	color(srgb 0.494118 0.721569 0.831372 /	-	1
1-arrive	1760	1	1	0.82	1	0deg	1	0.52	0.52	99.8102px, 100px	1	1	65.589px 70px	1	0.999646	0px	none	-0.00175986deg	1	0	0px -50%	0	1	0.42	1.3px	0.42	1	0.42	-	1	1	0px 0%	1	0.994494	color(srgb 0.494118 0.721569 0.831372 /	-	1
1-arrive	1800	1	1	0.82	1	0deg	1	0.52	0.52	99.9796px, 100px	1	1	65.589px 70px	1	0.999944	0px	none	-0.000623208deg	1	0	0px -50%	0	1	0.573006	1.47001px	0.42	1	0.42	-	1	1	0px 0%	1	0.998411	color(srgb 0.494118 0.721569 0.831372 /	-	1
1-arrive	1840	1	1	0.82	1	0deg	1	0.52	0.52	100px, 100px	1	1	65.589px 70px	1	1	0px	none	-0.000130876deg	1	0	0px -50%	0	1	0.680956	1.58995px	0.42	1	0.42	-	1	1	0px 0%	1	0.99976	color(srgb 0.494118 0.721569 0.831372 /	-	1
1-arrive	1880	1	1	0.82	1	0deg	1	0.52	0.52	100px, 100px	1	1	65.589px 70px	1	1	0px	none	-4.71517e-06deg	1	0	0px -50%	0	1	0.735857	1.65095px	0.42	1	0.42	-	1	1	0px 0%	1	0.999998	color(srgb 0.494118 0.721569 0.831372 /	-	1
1-arrive	1920	1	1	0.82	1	0deg	1	0.52	0.52	100px, 100px	1	1	65.589px 70px	1	1	0px	none	none	1	0	0px -50%	0	1	0.761583	1.67954px	0.42	1	0.42	-	1	1	0px 0%	1	1	color(srgb 0.494118 0.721569 0.831372 /	-	1
1-arrive	1960	1	1	0.82	1	0deg	1	0.52	0.52	100px, 100px	1	1	65.589px 70px	1	1	0px	none	none	1	0	0px -50%	0	1	0.773153	1.69239px	0.42	1	0.42	-	1	1	0px 0%	1	1	color(srgb 0.494118 0.721569 0.831372 /	-	1
1-arrive	2000	1	1	0.82	1	0deg	1	0.52	0.52	100px, 100px	1	1	65.589px 70px	1	1	0px	none	none	1	0	0px -50%	0	1	0.777967	1.69774px	0.42	1	0.42	-	1	1	0px 0%	1	1	color(srgb 0.494118 0.721569 0.831372 /	-	1
1-arrive	2040	1	1	0.82	1	0deg	1	0.52	0.52	100px, 100px	1	1	65.589px 70px	1	1	0px	none	none	1	0	0px -50%	0	1	0.779633	1.69959px	0.42	1	0.42	-	1	1	0px 0%	1	1	color(srgb 0.494118 0.721569 0.831372 /	-	1
1-arrive	2080	1	1	0.82	1	0deg	1	0.52	0.52	100px, 100px	1	1	65.589px 70px	1	1	0px	none	none	1	0	0px -50%	0	1	0.779988	1.69999px	0.42	1	0.42	-	1	1	0px 0%	1	1	color(srgb 0.494118 0.721569 0.831372 /	-	1
1-arrive	2120	1	1	0.82004	1	0deg	1	0.52	0.52	100px, 100px	1	1	65.589px 70px	1	1	0px	none	none	1 1	0.177172	0px calc(-50% - 0.0372492px)	0	1	0.779706	1.69967px	0.42	1	0.42	-	1	1	0px 0%	1	1	color(srgb 0.494118 0.721569 0.831372 /	-	1
1-arrive	2160	1	1	0.820357	1	0deg	1	0.52	0.52	100px, 100px	1	1	65.589px 70px	1	1	0px	none	none	1.00003 1.00001	0.423099	0px calc(-50% - 0.33466px)	0	1	0.777367	1.69707px	0.42	1	0.42	-	1	1	0px 0%	1	1	color(srgb 0.494118 0.721569 0.831372 /	-	1
1-arrive	2200	1	1	0.82099	1	0deg	1	0.52	0.52	100px, 100px	1	1	65.589px 70px	1	1	0px	none	none	1.00008 1.00004	0.541205	0px calc(-50% - 0.927616px)	0	1	0.772722	1.69191px	0.42	1	0.42	-	1	1	0px 0%	1	1	color(srgb 0.494118 0.721569 0.831372 /	-	1
1-arrive	2240	1	1	0.821935	1	0deg	1	0.52	0.52	100px, 100px	1	1	65.589px 70px	1	1	0px	none	none	1.00015 1.00008	0.591085	0px calc(-50% - 1.81342px)	0	1	0.765828	1.68425px	0.42	1	0.42	-	1	1	0px 0%	1	1	color(srgb 0.494118 0.721569 0.831372 /	-	1
1-arrive	2280	1	1	0.823191	1	0deg	1	0.52	0.52	100px, 100px	1	1	65.589px 70px	1	1	0px	none	none	1.00025 1.00012	0.61098	0px calc(-50% - 2.98858px)	0	1	0.756763	1.67418px	0.42	1	0.42	-	1	1	0px 0%	1	1	color(srgb 0.494118 0.721569 0.831372 /	-	1
1-arrive	2320	1	1	0.824752	1	0deg	1	0.52	0.52	100px, 100px	1	1	65.589px 70px	1	1	0px	none	none	1.00037 1.00018	0.61803	0px calc(-50% - 4.44871px)	0	1	0.74563	1.66181px	0.42	1	0.42	-	1	1	0px 0%	1	1	color(srgb 0.494118 0.721569 0.831372 /	-	1
1-arrive	2360	1	1	0.826614	1	0deg	1	0.52	0.52	100px, 100px	1	1	65.589px 70px	1	1	0px	none	none	1.00051 1.00026	0.619843	0px calc(-50% - 6.18849px)	0	1	0.732558	1.64729px	0.42	1	0.42	-	1	1	0px 0%	1	1	color(srgb 0.494118 0.721569 0.831372 /	-	1
1-arrive	2400	1	1	0.828771	1	0deg	1	0.52	0.52	100px, 100px	1	1	65.589px 70px	1	1	0px	none	none	1.00068 1.00034	0.62	0px calc(-50% - 8.20165px)	0	1	0.717704	1.63078px	0.42	1	0.42	-	1	1	0px 0%	1	1	color(srgb 0.494118 0.721569 0.831372 /	-	1
1-arrive	2440	1	1	0.831217	1	0deg	1	0.52	0.52	100px, 100px	1	1	65.589px 70px	1	1	0px	none	none	1.00087 1.00044	0.62	0px calc(-50% - 10.4809px)	0	1	0.70125	1.6125px	0.42	1	0.42	-	1	1	0px 0%	1	1	color(srgb 0.494118 0.721569 0.831372 /	-	1
1-arrive	2480	1	1	0.833944	1	0deg	1	0.52	0.52	100px, 100px	1	1	65.589px 70px	1	1	0px	none	none	1.00108 1.00054	0.62	0px calc(-50% - 13.0179px)	0	1	0.683407	1.59267px	0.42	1	0.42	-	1	1	0px 0%	1	1	color(srgb 0.494118 0.721569 0.831372 /	-	1
1-arrive	2520	1	1	0.836943	1	0deg	1	0.52	0.52	100px, 100px	1	1	65.589px 70px	1	1	0px	none	none	1.00132 1.00066	0.62	0px calc(-50% - 15.8033px)	0	1	0.66441	1.57157px	0.42	1	0.42	-	1	1	0px 0%	1	1	color(srgb 0.494118 0.721569 0.831372 /	-	1
1-arrive	2560	1	1	0.840206	1	0deg	1	0.52	0.52	100px, 100px	1	1	65.589px 70px	1	1	0px	none	none	1.00157 1.00079	0.62	0px calc(-50% - 18.8265px)	0	1	0.644515	1.54946px	0.42	1	0.42	-	1	1	0px 0%	1	1	color(srgb 0.494118 0.721569 0.831372 /	-	1
1-arrive	2600	1	1	0.843721	1	0deg	1	0.52	0.52	100px, 100px	1	1	65.589px 70px	1	1	0px	none	none	1.00184 1.00092	0.62	0px calc(-50% - 22.0758px)	0	1	0.623996	1.52666px	0.42	1	0.42	-	1	1	0px 0%	1	1	color(srgb 0.494118 0.721569 0.831372 /	-	1
2-rest	2680	1	1	0.851463	1	0deg	1	0.52	0.52	100px, 100px	1	1	65.589px 70px	1	1	0px	none	none	1.00245 1.00122	0.62	0px calc(-50% - 29.2011px)	0	1	0.582238	1.48027px	0.42	1	0.42	-	1	1	0px 0%	1	1	color(srgb 0.494118 0.721569 0.831372 /	-	1
2-rest	2760	1	1	0.860065	1	0deg	1	0.52	0.52	100px, 100px	1	1	65.589px 70px	1	1	0px	none	none	1.00312 1.00156	0.62	0px calc(-50% - 37.0642px)	0	1	0.541476	1.43497px	0.648007	1	0.42	-	1	1	0px 0%	1	1	color(srgb 0.494118 0.721569 0.831372 /	-	1
2-rest	2840	1	1	0.869408	1	0deg	1	0.52	0.52	100px, 100px	1	1	65.589px 70px	1	1	0px	none	none	1.00384 1.00192	0.62	0px calc(-50% - 45.5339px)	0	1	0.503967	1.3933px	0.754185	1	0.42	-	1	1	0px 0%	1	1	color(srgb 0.494118 0.721569 0.831372 /	-	1
2-rest	2920	1	1	0.87936	1	0deg	1	0.52	0.52	100px, 100px	1	1	65.589px 70px	1	1	0px	none	none	1.00462 1.00231	0.62	0px calc(-50% - 54.4646px)	0	1	0.471719	1.35747px	0.776672	1	0.42	-	1	1	0px 0%	1	1	color(srgb 0.494118 0.721569 0.831372 /	-	1
2-rest	3000	1	1	0.889774	1	0deg	1	0.52	0.52	100px, 100px	1	1	65.589px 70px	1	1	0px	none	none	1.00543 1.00271	0.62	0px calc(-50% - 63.6993px)	0	1	0.446365	1.32929px	0.779934	1	0.42	-	1	1	0px 0%	1	1	color(srgb 0.494118 0.721569 0.831372 /	-	1
2-rest	3080	1	1	0.900495	1	0deg	1	0.52	0.52	100px, 100px	1	1	65.589px 70px	1	1	0px	none	none	1.00626 1.00313	0.62	0px calc(-50% - 73.0731px)	0	1	0.429113	1.31013px	0.778517	1	0.42	-	1	1	0px 0%	1	1	color(srgb 0.494118 0.721569 0.831372 /	-	1
2-rest	3160	1	1	0.911361	1	0deg	1	0.52	0.52	100px, 100px	1	1	65.589px 70px	1	1	0px	none	none	1.00711 1.00355	0.62	0px calc(-50% - 82.4172px)	0	1	0.420751	1.30083px	0.768673	1	0.42	-	1	1	0px 0%	1	1	color(srgb 0.494118 0.721569 0.831372 /	-	1
2-rest	3240	1	1	0.922206	1	0deg	1	0.52	0.52	100px, 100px	1	1	65.589px 70px	1	1	0px	none	none	1.00795 1.00397	0.62	0px calc(-50% - 91.564px)	0	1	0.42	1.3px	0.75004	1	0.42	-	1	1	0px 0%	1	1	color(srgb 0.494118 0.721569 0.831372 /	-	1
2-rest	3320	1	1	0.932865	1	0deg	1	0.52	0.52	100px, 100px	1	1	65.589px 70px	1	1	0px	none	none	1.00878 1.00439	0.62	0px calc(-50% - 100.351px)	0	1	0.42	1.3px	0.723472	1	0.42	-	1	1	0px 0%	1	1	color(srgb 0.494118 0.721569 0.831372 /	-	1
2-rest	3400	1	1	0.943177	1	0deg	1	0.52	0.52	100px, 100px	1	1	65.589px 70px	1	1	0px	none	none	1.00958 1.00479	0.62	0px calc(-50% - 108.624px)	0	1	0.42	1.3px	0.690247	1	0.42	-	1	1	0px 0%	1	1	color(srgb 0.494118 0.721569 0.831372 /	-	1
2-rest	3480	1	1	0.95299	1	0deg	1	0.52	0.52	100px, 100px	1	1	65.589px 70px	1	1	0px	none	none	1.01034 1.00517	0.62	0px calc(-50% - 116.243px)	0	1	0.42	1.3px	0.652064	1	0.42	-	1	1	0px 0%	1	1	color(srgb 0.494118 0.721569 0.831372 /	-	1
2-rest	3560	1	1	0.96216	1	0deg	1	0.52	0.52	100px, 100px	1	1	65.589px 70px	1	1	0px	none	none	1.01106 1.00553	0.62	0px calc(-50% - 123.082px)	0	1	0.42	1.3px	0.610982	1	0.42	-	1	1	0px 0%	1	1	color(srgb 0.494118 0.721569 0.831372 /	-	1
2-rest	3640	1	1	0.970558	1	0deg	1	0.52	0.52	100px, 100px	1	1	65.589px 70px	1	1	0px	none	none	1.01171 1.00586	0.615616	0px calc(-50% - 129.032px)	0	1	0.42	1.3px	0.569284	1	0.42	-	1	1	0px 0%	1	1	color(srgb 0.494118 0.721569 0.831372 /	-	1
2-rest	3720	1	1	0.978068	1	0deg	1	0.52	0.52	100px, 100px	1	1	65.589px 70px	1	1	0px	none	none	1.01229 1.00615	0.565735	0px calc(-50% - 134.002px)	0	1	0.42	1.3px	0.529304	1	0.527517	-	1	1	0px 0%	1	1	color(srgb 0.494118 0.721569 0.831372 /	-	1
2-rest	3800	1	1	0.98459	1	0deg	1	0.52	0.52	100px, 100px	1	1	65.589px 70px	1	1	0px	none	none	1.0128 1.0064	0.477542	0px calc(-50% - 137.918px)	0	1	0.42	1.3px	0.49324	1	0.723412	-	1	1	0px 0%	1	1	color(srgb 0.494118 0.721569 0.831372 /	-	1
2-rest	3880	1	1	0.990042	1	0deg	1	0.52	0.52	100px, 100px	1	1	65.589px 70px	1	1	0px	none	none	1.01323 1.00661	0.362571	0px calc(-50% - 140.724px)	0	1	0.42	1.3px	0.46299	1	0.770628	-	1	1	0px 0%	1	1	color(srgb 0.494118 0.721569 0.831372 /	-	1
2-rest	3960	1	1	0.994354	1	0deg	1	0.52	0.52	100px, 100px	1	1	65.589px 70px	1	1	0px	none	none	1.01356 1.00678	0.226625	0px calc(-50% - 142.378px)	0	1	0.42	1.3px	0.440058	1	0.779333	-	1	1	0px 0%	1	1	color(srgb 0.494118 0.721569 0.831372 /	-	1
2-rest	4040	1	1	0.997475	1	0deg	1	0.52	0.52	100px, 100px	1	1	65.589px 70px	1	1	0px	none	none	1.0138 1.0069	0.0720809	0px calc(-50% - 142.86px)	0	1	0.42	1.3px	0.425518	1	0.779953	-	1	1	0px 0%	1	1	color(srgb 0.494118 0.721569 0.831372 /	-	1
2-rest	4120	1	1	0.999366	1	0deg	1	0.52	0.52	100px, 100px	1	1	65.589px 70px	1	1	0px	none	none	1.01395 1.00698	0	0px calc(-50% - 142.86px)	0	1	0.42	1.3px	0.420036	1	0.774355	-	1	1	0px 0%	1	1	color(srgb 0.494118 0.721569 0.831372 /	-	1
2-rest	4200	1	1	1	1	0deg	1	0.52	0.52	100px, 100px	1	1	65.589px 70px	1	1	0px	none	none	1.014 1.007	0	0px calc(-50% - 142.86px)	0	1	0.42	1.3px	0.42	1	0.759705	-	1	1	0px 0%	1	1	color(srgb 0.494118 0.721569 0.831372 /	-	1
2-rest	4280	1	1	0.999366	1	0deg	1	0.52	0.52	100px, 100px	1	1	65.589px 70px	1	1	0px	none	none	1.01395 1.00698	0	0px calc(-50% - 142.86px)	0	1	0.42	1.3px	0.42	1	0.736675	-	1	1	0px 0%	1	1	color(srgb 0.494118 0.721569 0.831372 /	-	1
2-rest	4360	1	1	0.997475	1	0deg	1	0.52	0.52	100px, 100px	1	1	65.589px 70px	1	1	0px	none	none	1.0138 1.0069	0	0px calc(-50% - 142.86px)	0	1	0.42	1.3px	0.42	1	0.706342	-	1	1	0px 0%	1	1	color(srgb 0.494118 0.721569 0.831372 /	-	1
2-rest	4440	1	1	0.994354	1	0deg	1	0.52	0.52	100px, 100px	1	1	65.589px 70px	1	1	0px	none	none	1.01356 1.00678	0	0px calc(-50% - 142.86px)	0	1	0.42	1.3px	0.42	1	0.670216	-	1	1	0px 0%	1	1	color(srgb 0.494118 0.721569 0.831372 /	-	1
2-rest	4520	1	1	0.990042	1	0deg	1	0.52	0.52	100px, 100px	1	1	65.589px 70px	1	1	0px	none	none	1.01323 1.00661	0	0px calc(-50% - 142.86px)	0	1	0.42	1.3px	0.42	1	0.630201	-	1	1	0px 0%	1	1	color(srgb 0.494118 0.721569 0.831372 /	-	1
2-rest	4600	1	1	0.98459	1	0deg	1	0.52	0.52	100px, 100px	1	1	65.589px 70px	1	1	0px	none	none	1.0128 1.0064	0	0px calc(-50% - 142.86px)	0	1	0.42	1.3px	0.42	1	0.588496	-	1	1	0px 0%	1	1	color(srgb 0.494118 0.721569 0.831372 /	-	1
2-rest	4680	1	1	0.978068	1	0deg	1	0.52	0.52	100px, 100px	1	1	65.589px 70px	1	1	0px	none	none	1.01229 1.00615	0	0px calc(-50% - 142.86px)	0	1	0.42	1.3px	0.42	1	0.547436	-	1	1	0px 0%	1	1	color(srgb 0.494118 0.721569 0.831372 /	-	1
2-rest	4760	1	1	0.970558	1	0deg	1	0.52	0.52	100px, 100px	1	1	65.589px 70px	1	1	0px	none	none	1.01171 1.00586	0	0px calc(-50% - 142.86px)	0	1	0.42	1.3px	0.42	1	0.509303	-	1	1	0px 0%	1	1	color(srgb 0.494118 0.721569 0.831372 /	-	1
2-rest	4840	1	1	0.96216	1	0deg	1	0.52	0.52	100px, 100px	1	1	65.589px 70px	1	1	0px	none	none	1.01106 1.00553	0	0px calc(-50% - 142.86px)	0	1	0.42	1.3px	0.42	1	0.476152	-	1	1	0px 0%	1	1	color(srgb 0.494118 0.721569 0.831372 /	-	1
2-rest	4920	1	1	0.95299	1	0deg	1	0.52	0.52	100px, 100px	1	1	65.589px 70px	1	1	0px	none	none	1.01034 1.00517	0	0px calc(-50% - 142.86px)	0	1	0.42	1.3px	0.42	1	0.449676	-	1	1	0px 0%	1	1	color(srgb 0.494118 0.721569 0.831372 /	-	1
2-rest	5000	1	1	0.943177	1	0deg	1	0.52	0.52	100px, 100px	1	1	65.589px 70px	1	1	0px	none	none	1.00958 1.00479	0	0px calc(-50% - 142.86px)	0	1	0.42	1.3px	0.42	1	0.431149	-	1	1	0px 0%	1	1	color(srgb 0.494118 0.721569 0.831372 /	-	1
2-rest	5080	1	1	0.932865	1	0deg	1	0.52	0.52	100px, 100px	1	1	65.589px 70px	1	1	0px	none	none	1.00878 1.00439	0	0px calc(-50% - 142.86px)	0	1	0.42	1.3px	0.42	1	0.421418	-	1	1	0px 0%	1	1	color(srgb 0.494118 0.721569 0.831372 /	-	1
2-rest	5160	1	1	0.922206	1	0deg	1	0.52	0.52	100px, 100px	1	1	65.589px 70px	1	1	0px	none	none	1.00795 1.00397	0	0px calc(-50% - 142.86px)	0	1	0.42	1.3px	0.42	1	0.42	-	1	1	0px 0%	1	1	color(srgb 0.494118 0.721569 0.831372 /	-	1
2-rest	5240	1	1	0.911361	1	0deg	1	0.52	0.52	100px, 100px	1	1	65.589px 70px	1	1	0px	none	none	1.00711 1.00355	0	0px calc(-50% - 142.86px)	0	1	0.42	1.3px	0.42	1	0.42	-	1	1	0px 0%	1	1	color(srgb 0.494118 0.721569 0.831372 /	-	1
2-rest	5320	1	1	0.900495	1	0deg	1	0.52	0.52	100px, 100px	1	1	65.589px 70px	1	1	0px	none	none	1.00626 1.00313	0	0px calc(-50% - 142.86px)	0	1	0.42	1.3px	0.42	1	0.42	-	1	1	0px 0%	1	1	color(srgb 0.494118 0.721569 0.831372 /	-	1
2-rest	5400	1	1	0.889774	1	0deg	1	0.52	0.52	100px, 100px	1	1	65.589px 70px	1	1	0px	none	none	1.00543 1.00271	0	0px calc(-50% - 142.86px)	0	1	0.42	1.3px	0.42	1	0.42	-	1	1	0px 0%	1	1	color(srgb 0.494118 0.721569 0.831372 /	-	1
2-rest	5480	1	1	0.87936	1	0deg	1	0.52	0.52	100px, 100px	1	1	65.589px 70px	1	1	0px	none	none	1.00462 1.00231	0	0px calc(-50% - 142.86px)	0	1	0.42	1.3px	0.42	1	0.42	-	1	1	0px 0%	1	1	color(srgb 0.494118 0.721569 0.831372 /	-	1
2-rest	5560	1	1	0.869408	1	0deg	1	0.52	0.52	100px, 100px	1	1	65.589px 70px	1	1	0px	none	none	1.00384 1.00192	0	0px calc(-50% - 142.86px)	0	1	0.42	1.3px	0.42	1	0.42	-	1	1	0px 0%	1	1	color(srgb 0.494118 0.721569 0.831372 /	-	1
2-rest	5640	1	1	0.860065	1	0deg	1	0.52	0.52	100px, 100px	1	1	65.589px 70px	1	1	0px	none	none	1.00312 1.00156	0	0px calc(-50% - 142.86px)	0	1	0.42	1.3px	0.42	1	0.42	-	1	1	0px 0%	1	1	color(srgb 0.494118 0.721569 0.831372 /	-	1
2-rest	5720	1	1	0.851463	1	0deg	1	0.52	0.52	100px, 100px	1	1	65.589px 70px	1	1	0px	none	none	1.00245 1.00122	0	0px calc(-50% - 142.86px)	0	1	0.42	1.3px	0.42	1	0.42	-	1	1	0px 0%	1	1	color(srgb 0.494118 0.721569 0.831372 /	-	1
2-rest	5800	1	1	0.843721	1	0deg	1	0.52	0.52	100px, 100px	1	1	65.589px 70px	1	1	0px	none	none	1.00184 1.00092	0	0px calc(-50% - 142.86px)	0	1	0.42	1.3px	0.42	1	0.42	-	1	1	0px 0%	1	1	color(srgb 0.494118 0.721569 0.831372 /	-	1
2-rest	5880	1	1	0.836943	1	0deg	1	0.52	0.52	100px, 100px	1	1	65.589px 70px	1	1	0px	none	none	1.00132 1.00066	0	0px calc(-50% - 142.86px)	0	1	0.42	1.3px	0.42	1	0.42	-	1	1	0px 0%	1	1	color(srgb 0.494118 0.721569 0.831372 /	-	1
2-rest	5960	1	1	0.831217	1	0deg	1	0.52	0.52	100px, 100px	1	1	65.589px 70px	1	1	0px	none	none	1.00087 1.00044	0	0px calc(-50% - 142.86px)	0	1	0.42	1.3px	0.42	1	0.42	-	1	1	0px 0%	1	1	color(srgb 0.494118 0.721569 0.831372 /	-	1
2-rest	6040	1	1	0.826614	1	0deg	1	0.52	0.52	100px, 100px	1	1	65.589px 70px	1	1	0px	none	none	1.00051 1.00026	0	0px calc(-50% - 142.86px)	0	1	0.680956	1.58995px	0.42	1	0.42	-	1	1	0px 0%	1	1	color(srgb 0.494118 0.721569 0.831372 /	-	1
2-rest	6120	1	1	0.823191	1	0deg	1	0.52	0.52	100px, 100px	1	1	65.589px 70px	1	1	0px	none	none	1.00025 1.00012	0	0px calc(-50% - 142.86px)	0	1	0.761583	1.67954px	0.42	1	0.42	-	1	1	0px 0%	1	1	color(srgb 0.494118 0.721569 0.831372 /	-	1
2-rest	6200	1	1	0.82099	1	0deg	1	0.52	0.52	100px, 100px	1	1	65.589px 70px	1	1	0px	none	none	1.00008 1.00004	0	0px calc(-50% - 142.86px)	0	1	0.777967	1.69774px	0.42	1	0.42	-	1	1	0px 0%	1	1	color(srgb 0.494118 0.721569 0.831372 /	-	1
2-rest	6280	1	1	0.82004	1	0deg	1	0.52	0.52	100px, 100px	1	1	65.589px 70px	1	1	0px	none	none	1 1	0	0px calc(-50% - 142.86px)	0	1	0.779988	1.69999px	0.42	1	0.42	-	1	1	0px 0%	1	1	color(srgb 0.494118 0.721569 0.831372 /	-	1
2-rest	6360	1	1	0.820357	1	0deg	1	0.52	0.52	100px, 100px	1	1	65.589px 70px	1	1	0px	none	none	1.00003 1.00001	0.423099	0px calc(-50% - 0.33466px)	0	1	0.777367	1.69707px	0.42	1	0.42	-	1	1	0px 0%	1	1	color(srgb 0.494118 0.721569 0.831372 /	-	1
2-rest	6440	1	1	0.821935	1	0deg	1	0.52	0.52	100px, 100px	1	1	65.589px 70px	1	1	0px	none	none	1.00015 1.00008	0.591085	0px calc(-50% - 1.81342px)	0	1	0.765828	1.68425px	0.42	1	0.42	-	1	1	0px 0%	1	1	color(srgb 0.494118 0.721569 0.831372 /	-	1
2-rest	6520	1	1	0.824752	1	0deg	1	0.52	0.52	100px, 100px	1	1	65.589px 70px	1	1	0px	none	none	1.00037 1.00018	0.61803	0px calc(-50% - 4.44871px)	0	1	0.74563	1.66181px	0.42	1	0.42	-	1	1	0px 0%	1	1	color(srgb 0.494118 0.721569 0.831372 /	-	1
2-rest	6600	1	1	0.828771	1	0deg	1	0.52	0.52	100px, 100px	1	1	65.589px 70px	1	1	0px	none	none	1.00068 1.00034	0.62	0px calc(-50% - 8.20165px)	0	1	0.717704	1.63078px	0.42	1	0.42	-	1	1	0px 0%	1	1	color(srgb 0.494118 0.721569 0.831372 /	-	1
2-rest	6680	1	1	0.833944	1	0deg	1	0.52	0.52	100px, 100px	1	1	65.589px 70px	1	1	0px	none	none	1.00108 1.00054	0.62	0px calc(-50% - 13.0179px)	0	1	0.683407	1.59267px	0.42	1	0.42	-	1	1	0px 0%	1	1	color(srgb 0.494118 0.721569 0.831372 /	-	1
2-rest	6760	1	1	0.840206	1	0deg	1	0.52	0.52	100px, 100px	1	1	65.589px 70px	1	1	0px	none	none	1.00157 1.00079	0.62	0px calc(-50% - 18.8265px)	0	1	0.644515	1.54946px	0.42	1	0.42	-	1	1	0px 0%	1	1	color(srgb 0.494118 0.721569 0.831372 /	-	1
2-rest	6840	1	1	0.847477	1	0deg	1	0.52	0.52	100px, 100px	1	1	65.589px 70px	1	1	0px	none	none	1.00214 1.00107	0.62	0px calc(-50% - 25.5386px)	0	1	0.60314	1.50349px	0.42	1	0.42	-	1	1	0px 0%	1	1	color(srgb 0.494118 0.721569 0.831372 /	-	1
2-rest	6920	1	1	0.855663	1	0deg	1	0.52	0.52	100px, 100px	1	1	65.589px 70px	1	1	0px	none	none	1.00277 1.00139	0.62	0px calc(-50% - 33.0482px)	0	1	0.561588	1.45732px	0.515219	1	0.42	-	1	1	0px 0%	1	1	color(srgb 0.494118 0.721569 0.831372 /	-	1
2-rest	7000	1	1	0.864652	1	0deg	1	0.52	0.52	100px, 100px	1	1	65.589px 70px	1	1	0px	none	none	1.00347 1.00174	0.62	0px calc(-50% - 41.232px)	0	1	0.522182	1.41354px	0.719835	1	0.42	-	1	1	0px 0%	1	1	color(srgb 0.494118 0.721569 0.831372 /	-	1
2-rest	7080	1	1	0.874317	1	0deg	1	0.52	0.52	100px, 100px	1	1	65.589px 70px	1	1	0px	none	none	1.00422 1.00211	0.62	0px calc(-50% - 49.9512px)	0	1	0.487074	1.37453px	0.76989	1	0.42	-	1	1	0px 0%	1	1	color(srgb 0.494118 0.721569 0.831372 /	-	1
2-rest	7160	1	1	0.884518	1	0deg	1	0.52	0.52	100px, 100px	1	1	65.589px 70px	1	1	0px	none	none	1.00502 1.00251	0.62	0px calc(-50% - 59.0541px)	0	1	0.458094	1.34233px	0.779236	1	0.42	-	1	1	0px 0%	1	1	color(srgb 0.494118 0.721569 0.831372 /	-	1
2-rest	7240	1	1	0.895106	1	0deg	1	0.52	0.52	100px, 100px	1	1	65.589px 70px	1	1	0px	none	none	1.00584 1.00292	0.62	0px calc(-50% - 68.3793px)	0	1	0.436667	1.31852px	0.779982	1	0.42	-	1	1	0px 0%	1	1	color(srgb 0.494118 0.721569 0.831372 /	-	1
2-rest	7320	1	1	0.90592	1	0deg	1	0.52	0.52	100px, 100px	1	1	65.589px 70px	1	1	0px	none	none	1.00668 1.00334	0.62	0px calc(-50% - 77.7594px)	0	1	0.423787	1.30421px	0.774731	1	0.42	-	1	1	0px 0%	1	1	color(srgb 0.494118 0.721569 0.831372 /	-	1
2-rest	7400	1	1	0.916796	1	0deg	1	0.52	0.52	100px, 100px	1	1	65.589px 70px	1	1	0px	none	none	1.00753 1.00376	0.62	0px calc(-50% - 87.0256px)	0	1	0.42	1.3px	0.760411	1	0.42	-	1	1	0px 0%	1	1	color(srgb 0.494118 0.721569 0.831372 /	-	1
2-rest	7480	1	1	0.927569	1	0deg	1	0.52	0.52	100px, 100px	1	1	65.589px 70px	1	1	0px	none	none	1.00837 1.00418	0.62	0px calc(-50% - 96.0122px)	0	1	0.42	1.3px	0.737678	1	0.42	-	1	1	0px 0%	1	1	color(srgb 0.494118 0.721569 0.831372 /	-	1
2-rest	7560	1	1	0.938074	1	0deg	1	0.52	0.52	100px, 100px	1	1	65.589px 70px	1	1	0px	none	none	1.00918 1.00459	0.62	0px calc(-50% - 104.561px)	0	1	0.42	1.3px	0.707595	1	0.42	-	1	1	0px 0%	1	1	color(srgb 0.494118 0.721569 0.831372 /	-	1
2-rest	7640	1	1	0.948156	1	0deg	1	0.52	0.52	100px, 100px	1	1	65.589px 70px	1	1	0px	none	none	1.00997 1.00498	0.62	0px calc(-50% - 112.523px)	0	1	0.42	1.3px	0.671654	1	0.42	-	1	1	0px 0%	1	1	color(srgb 0.494118 0.721569 0.831372 /	-	1
2-rest	7720	1	1	0.957664	1	0deg	1	0.52	0.52	100px, 100px	1	1	65.589px 70px	1	1	0px	none	none	1.01071 1.00535	0.62	0px calc(-50% - 119.767px)	0	1	0.42	1.3px	0.631746	1	0.42	-	1	1	0px 0%	1	1	color(srgb 0.494118 0.721569 0.831372 /	-	1
2-rest	7800	1	1	0.966463	1	0deg	1	0.52	0.52	100px, 100px	1	1	65.589px 70px	1	1	0px	none	none	1.01139 1.0057	0.62	0px calc(-50% - 126.174px)	0	1	0.42	1.3px	0.590063	1	0.42	-	1	1	0px 0%	1	1	color(srgb 0.494118 0.721569 0.831372 /	-	1
2-rest	7880	1	1	0.97443	1	0deg	1	0.52	0.52	100px, 100px	1	1	65.589px 70px	1	1	0px	none	none	1.01201 1.00601	0.596567	0px calc(-50% - 131.645px)	0	1	0.42	1.3px	0.548937	1	0.42	-	1	1	0px 0%	1	1	color(srgb 0.494118 0.721569 0.831372 /	-	1
2-rest	7960	1	1	0.981458	1	0deg	1	0.52	0.52	100px, 100px	1	1	65.589px 70px	1	1	0px	none	none	1.01256 1.00628	0.525518	0px calc(-50% - 136.096px)	0	1	0.42	1.3px	0.510655	1	0.655268	-	1	1	0px 0%	1	1	color(srgb 0.494118 0.721569 0.831372 /	-	1
2-rest	8040	1	1	0.987454	1	0deg	1	0.52	0.52	100px, 100px	1	1	65.589px 70px	1	1	0px	none	none	1.01302 1.00651	0.422951	0px calc(-50% - 139.463px)	0	1	0.42	1.3px	0.477284	1	0.755845	-	1	1	0px 0%	1	1	color(srgb 0.494118 0.721569 0.831372 /	-	1
2-rest	8120	1	1	0.992344	1	0deg	1	0.52	0.52	100px, 100px	1	1	65.589px 70px	1	1	0px	none	none	1.0134 1.0067	0.296994	0px calc(-50% - 141.697px)	0	1	0.42	1.3px	0.450532	1	0.776971	-	1	1	0px 0%	1	1	color(srgb 0.494118 0.721569 0.831372 /	-	1
2-rest	8200	1	1	0.996067	1	0deg	1	0.52	0.52	100px, 100px	1	1	65.589px 70px	1	1	0px	none	none	1.01369 1.00685	0.151677	0px calc(-50% - 142.765px)	0	1	0.42	1.3px	0.431689	1	0.77995	-	1	1	0px 0%	1	1	color(srgb 0.494118 0.721569 0.831372 /	-	1
2-rest	8280	1	1	0.998576	1	0deg	1	0.52	0.52	100px, 100px	1	1	65.589px 70px	1	1	0px	none	none	1.01389 1.00694	0	0px calc(-50% - 142.86px)	0	1	0.42	1.3px	0.421618	1	0.778313	-	1	1	0px 0%	1	1	color(srgb 0.494118 0.721569 0.831372 /	-	1
2-rest	8360	1	1	0.999841	1	0deg	1	0.52	0.52	100px, 100px	1	1	65.589px 70px	1	1	0px	none	none	1.01399 1.00699	0	0px calc(-50% - 142.86px)	0	1	0.42	1.3px	0.42	1	0.768129	-	1	1	0px 0%	1	1	color(srgb 0.494118 0.721569 0.831372 /	-	1
2-rest	8440	1	1	0.999841	1	0deg	1	0.52	0.52	100px, 100px	1	1	65.589px 70px	1	1	0px	none	none	1.01399 1.00699	0	0px calc(-50% - 142.86px)	0	1	0.42	1.3px	0.42	1	0.74918	-	1	1	0px 0%	1	1	color(srgb 0.494118 0.721569 0.831372 /	-	1
2-rest	8520	1	1	0.998576	1	0deg	1	0.52	0.52	100px, 100px	1	1	65.589px 70px	1	1	0px	none	none	1.01389 1.00694	0	0px calc(-50% - 142.86px)	0	1	0.42	1.3px	0.42	1	0.722337	-	1	1	0px 0%	1	1	color(srgb 0.494118 0.721569 0.831372 /	-	1
2-rest	8600	1	1	0.996067	1	0deg	1	0.52	0.52	100px, 100px	1	1	65.589px 70px	1	1	0px	none	none	1.01369 1.00685	0	0px calc(-50% - 142.86px)	0	1	0.42	1.3px	0.42	1	0.688892	-	1	1	0px 0%	1	1	color(srgb 0.494118 0.721569 0.831372 /	-	1
2-rest	8680	1	1	0.992344	1	0deg	1	0.52	0.52	100px, 100px	1	1	65.589px 70px	1	1	0px	none	none	1.0134 1.0067	0	0px calc(-50% - 142.86px)	0	1	0.42	1.3px	0.42	1	0.650562	-	1	1	0px 0%	1	1	color(srgb 0.494118 0.721569 0.831372 /	-	1
2-rest	8760	1	1	0.987454	1	0deg	1	0.52	0.52	100px, 100px	1	1	65.589px 70px	1	1	0px	none	none	1.01302 1.00651	0	0px calc(-50% - 142.86px)	0	1	0.42	1.3px	0.42	1	0.609415	-	1	1	0px 0%	1	1	color(srgb 0.494118 0.721569 0.831372 /	-	1
2-rest	8840	1	1	0.981458	1	0deg	1	0.52	0.52	100px, 100px	1	1	65.589px 70px	1	1	0px	none	none	1.01256 1.00628	0	0px calc(-50% - 142.86px)	0	1	0.42	1.3px	0.42	1	0.567739	-	1	1	0px 0%	1	1	color(srgb 0.494118 0.721569 0.831372 /	-	1
2-rest	8920	1	1	0.97443	1	0deg	1	0.52	0.52	100px, 100px	1	1	65.589px 70px	1	1	0px	none	none	1.01201 1.00601	0	0px calc(-50% - 142.86px)	0	1	0.42	1.3px	0.42	1	0.527868	-	1	1	0px 0%	1	1	color(srgb 0.494118 0.721569 0.831372 /	-	1
2-rest	9000	1	1	0.966463	1	0deg	1	0.52	0.52	100px, 100px	1	1	65.589px 70px	1	1	0px	none	none	1.01139 1.0057	0	0px calc(-50% - 142.86px)	0	1	0.42	1.3px	0.42	1	0.49199	-	1	1	0px 0%	1	1	color(srgb 0.494118 0.721569 0.831372 /	-	1
2-rest	9080	1	1	0.957664	1	0deg	1	0.52	0.52	100px, 100px	1	1	65.589px 70px	1	1	0px	none	none	1.01071 1.00535	0	0px calc(-50% - 142.86px)	0	1	0.42	1.3px	0.42	1	0.46199	-	1	1	0px 0%	1	1	color(srgb 0.494118 0.721569 0.831372 /	-	1
2-rest	9160	1	1	0.948156	1	0deg	1	0.52	0.52	100px, 100px	1	1	65.589px 70px	1	1	0px	none	none	1.00997 1.00498	0	0px calc(-50% - 142.86px)	0	1	0.42	1.3px	0.42	1	0.439356	-	1	1	0px 0%	1	1	color(srgb 0.494118 0.721569 0.831372 /	-	1
2-rest	9240	1	1	0.938074	1	0deg	1	0.52	0.52	100px, 100px	1	1	65.589px 70px	1	1	0px	none	none	1.00918 1.00459	0	0px calc(-50% - 142.86px)	0	1	0.42	1.3px	0.42	1	0.425146	-	1	1	0px 0%	1	1	color(srgb 0.494118 0.721569 0.831372 /	-	1
2-rest	9320	1	1	0.927569	1	0deg	1	0.52	0.52	100px, 100px	1	1	65.589px 70px	1	1	0px	none	none	1.00837 1.00418	0	0px calc(-50% - 142.86px)	0	1	0.42	1.3px	0.42	1	0.420012	-	1	1	0px 0%	1	1	color(srgb 0.494118 0.721569 0.831372 /	-	1
2-rest	9400	1	1	0.916796	1	0deg	1	0.52	0.52	100px, 100px	1	1	65.589px 70px	1	1	0px	none	none	1.00753 1.00376	0	0px calc(-50% - 142.86px)	0	1	0.42	1.3px	0.42	1	0.42	-	1	1	0px 0%	1	1	color(srgb 0.494118 0.721569 0.831372 /	-	1
2-rest	9480	1	1	0.90592	1	0deg	1	0.52	0.52	100px, 100px	1	1	65.589px 70px	1	1	0px	none	none	1.00668 1.00334	0	0px calc(-50% - 142.86px)	0	1	0.42	1.3px	0.42	1	0.42	-	1	1	0px 0%	1	1	color(srgb 0.494118 0.721569 0.831372 /	-	1
2-rest	9560	1	1	0.895106	1	0deg	1	0.52	0.52	100px, 100px	1	1	65.589px 70px	1	1	0px	none	none	1.00584 1.00292	0	0px calc(-50% - 142.86px)	0	1	0.42	1.3px	0.42	1	0.42	-	1	1	0px 0%	1	1	color(srgb 0.494118 0.721569 0.831372 /	-	1
2-rest	9640	1	1	0.884518	1	0deg	1	0.52	0.52	100px, 100px	1	1	65.589px 70px	1	1	0px	none	none	1.00502 1.00251	0	0px calc(-50% - 142.86px)	0	1	0.42	1.3px	0.42	1	0.42	-	1	1	0px 0%	1	1	color(srgb 0.494118 0.721569 0.831372 /	-	1
2-rest	9720	1	1	0.874317	1	0deg	1	0.52	0.52	100px, 100px	1	1	65.589px 70px	1	1	0px	none	none	1.00422 1.00211	0	0px calc(-50% - 142.86px)	0	1	0.42	1.3px	0.42	1	0.42	-	1	1	0px 0%	1	1	color(srgb 0.494118 0.721569 0.831372 /	-	1
2-rest	9800	1	1	0.864652	1	0deg	1	0.52	0.52	100px, 100px	1	1	65.589px 70px	1	1	0px	none	none	1.00347 1.00174	0	0px calc(-50% - 142.86px)	0	1	0.42	1.3px	0.42	1	0.42	-	1	1	0px 0%	1	1	color(srgb 0.494118 0.721569 0.831372 /	-	1
2-rest	9880	1	1	0.855663	1	0deg	1	0.52	0.52	100px, 100px	1	1	65.589px 70px	1	1	0px	none	none	1.00277 1.00139	0	0px calc(-50% - 142.86px)	0	1	0.42	1.3px	0.42	1	0.42	-	1	1	0px 0%	1	1	color(srgb 0.494118 0.721569 0.831372 /	-	1
2-rest	9960	1	1	0.847477	1	0deg	1	0.52	0.52	100px, 100px	1	1	65.589px 70px	1	1	0px	none	none	1.00214 1.00107	0	0px calc(-50% - 142.86px)	0	1	0.42	1.3px	0.42	1	0.42	-	1	1	0px 0%	1	1	color(srgb 0.494118 0.721569 0.831372 /	-	1
2-rest	10040	1	1	0.840206	1	0deg	1	0.52	0.52	100px, 100px	1	1	65.589px 70px	1	1	0px	none	none	1.00157 1.00079	0	0px calc(-50% - 142.86px)	0	1	0.42	1.3px	0.42	1	0.42	-	1	1	0px 0%	1	1	color(srgb 0.494118 0.721569 0.831372 /	-	1
2-rest	10120	1	1	0.833944	1	0deg	1	0.52	0.52	100px, 100px	1	1	65.589px 70px	1	1	0px	none	none	1.00108 1.00054	0	0px calc(-50% - 142.86px)	0	1	0.42	1.3px	0.42	1	0.42	-	1	1	0px 0%	1	1	color(srgb 0.494118 0.721569 0.831372 /	-	1
2-rest	10200	1	1	0.828771	1	0deg	1	0.52	0.52	100px, 100px	1	1	65.589px 70px	1	1	0px	none	none	1.00068 1.00034	0	0px calc(-50% - 142.86px)	0	1	0.573006	1.47001px	0.42	1	0.42	-	1	1	0px 0%	1	1	color(srgb 0.494118 0.721569 0.831372 /	-	1
2-rest	10280	1	1	0.824752	1	0deg	1	0.52	0.52	100px, 100px	1	1	65.589px 70px	1	1	0px	none	none	1.00037 1.00018	0	0px calc(-50% - 142.86px)	0	1	0.735857	1.65095px	0.42	1	0.42	-	1	1	0px 0%	1	1	color(srgb 0.494118 0.721569 0.831372 /	-	1
2-rest	10360	1	1	0.821935	1	0deg	1	0.52	0.52	100px, 100px	1	1	65.589px 70px	1	1	0px	none	none	1.00015 1.00008	0	0px calc(-50% - 142.86px)	0	1	0.773153	1.69239px	0.42	1	0.42	-	1	1	0px 0%	1	1	color(srgb 0.494118 0.721569 0.831372 /	-	1
2-rest	10440	1	1	0.820357	1	0deg	1	0.52	0.52	100px, 100px	1	1	65.589px 70px	1	1	0px	none	none	1.00003 1.00001	0	0px calc(-50% - 142.86px)	0	1	0.779633	1.69959px	0.42	1	0.42	-	1	1	0px 0%	1	1	color(srgb 0.494118 0.721569 0.831372 /	-	1
2-rest	10520	1	1	0.82004	1	0deg	1	0.52	0.52	100px, 100px	1	1	65.589px 70px	1	1	0px	none	none	1 1	0.177172	0px calc(-50% - 0.0372492px)	0	1	0.779706	1.69967px	0.42	1	0.42	-	1	1	0px 0%	1	1	color(srgb 0.494118 0.721569 0.831372 /	-	1
2-rest	10600	1	1	0.82099	1	0deg	1	0.52	0.52	100px, 100px	1	1	65.589px 70px	1	1	0px	none	none	1.00008 1.00004	0.541205	0px calc(-50% - 0.927616px)	0	1	0.772722	1.69191px	0.42	1	0.42	-	1	1	0px 0%	1	1	color(srgb 0.494118 0.721569 0.831372 /	-	1
2-rest	10680	1	1	0.823191	1	0deg	1	0.52	0.52	100px, 100px	1	1	65.589px 70px	1	1	0px	none	none	1.00025 1.00012	0.61098	0px calc(-50% - 2.98858px)	0	1	0.756763	1.67418px	0.42	1	0.42	-	1	1	0px 0%	1	1	color(srgb 0.494118 0.721569 0.831372 /	-	1
2-rest	10760	1	1	0.826614	1	0deg	1	0.52	0.52	100px, 100px	1	1	65.589px 70px	1	1	0px	none	none	1.00051 1.00026	0.619843	0px calc(-50% - 6.18849px)	0	1	0.732558	1.64729px	0.42	1	0.42	-	1	1	0px 0%	1	1	color(srgb 0.494118 0.721569 0.831372 /	-	1
2-rest	10840	1	1	0.831217	1	0deg	1	0.52	0.52	100px, 100px	1	1	65.589px 70px	1	1	0px	none	none	1.00087 1.00044	0.62	0px calc(-50% - 10.4809px)	0	1	0.70125	1.6125px	0.42	1	0.42	-	1	1	0px 0%	1	1	color(srgb 0.494118 0.721569 0.831372 /	-	1
2-rest	10920	1	1	0.836943	1	0deg	1	0.52	0.52	100px, 100px	1	1	65.589px 70px	1	1	0px	none	none	1.00132 1.00066	0.62	0px calc(-50% - 15.8033px)	0	1	0.66441	1.57157px	0.42	1	0.42	-	1	1	0px 0%	1	1	color(srgb 0.494118 0.721569 0.831372 /	-	1
2-rest	11000	1	1	0.843721	1	0deg	1	0.52	0.52	100px, 100px	1	1	65.589px 70px	1	1	0px	none	none	1.00184 1.00092	0.62	0px calc(-50% - 22.0758px)	0	1	0.623996	1.52666px	0.42	1	0.42	-	1	1	0px 0%	1	1	color(srgb 0.494118 0.721569 0.831372 /	-	1
3-comein	0	1	1	0.916782	1	0deg	1	0.52	0.52	100px, 100px	1	1	65.589px 70px	1	1	0px	none	none	1.00753 1.00376	0.62	0px calc(-50% - 87.0142px)	0	none	0.42	1.3px	0.760435	none	0.42	-	1	0	0px 112%	0	0	-	1	1
3-comein	40	1	1	0.922192	0.915957	9.45488deg	0.894946	0.52	0.52	100px, 100px	1	0.993831	65.589px 70px	1	1	0px	none	none	1.00795 1.00397	0.62	0px calc(-50% - 91.5527px)	0	none	0.42	1.3px	0.750068	none	0.42	-	0.51821	0	0px 112%	0	0	-	0.920049	1
3-comein	80	1	1	0.927555	0.842891	17.6748deg	0.803614	0.52	0.52	100px, 100px	1	0.981809	65.589px 70px	1	1	0px	none	none	1.00837 1.00418	0.62	0px calc(-50% - 96.0012px)	0.65681	none	0.42	1.3px	0.737711	none	0.42	-	0.235135	0	0px 112%	0	0	-	0.733296	1
3-comein	120	1	1	0.932852	0.782413	24.4785deg	0.728016	0.52	0.52	100px, 100px	0.916627	0.911001	65.589px 58.7029px	1	1	0px	none	none	1.00878 1.00439	0.62	0px calc(-50% - 100.34px)	0.847866	none	0.42	1.3px	0.72351	none	0.42	-	0.0992719	0	0px 112%	0	0	-	0.479023	1
3-comein	160	1	1	0.938061	0.734546	29.8636deg	0.668182	0.52	0.52	100px, 100px	0.753491	0.775992	65.589px 36.598px	1	1	0px	none	none	1.00918 1.00459	0.62	0px calc(-50% - 104.55px)	0.85	none	0.42	1.3px	0.707636	none	0.42	-	0.0386175	0.196589	0px 112%	0	0	-	0.172851	1
3-comein	200	1	1	0.943165	0.697937	33.9821deg	0.622421	0.52	0.52	100px, 100px	0.632655	0.67599	65.589px 20.2247px	1	1	0px	none	none	1.00958 1.00479	0.62	0px calc(-50% - 108.614px)	0.85	none	0.42	1.3px	0.690292	none	0.42	-	0.0128658	0.515664	0px 112%	0	0	-	0	1
3-comein	240	1	1	0.948143	0.670563	37.0617deg	0.588204	0.52	0.52	100px, 100px	0.551078	0.608478	65.589px 9.17109px	1	1	0px	none	none	1.00997 1.00498	0.62	0px calc(-50% - 112.514px)	0.85	none	0.42	1.3px	0.671701	none	0.42	-	0.00310578	0.726819	0px 78.5502%	0	0	-	0	1
3-comein	280	1	1	0.952978	0.650365	39.3339deg	0.562956	0.52	0.52	100px, 100px	0.498924	0.565316	65.589px 2.1042px	1	1	0px	none	none	1.01034 1.00517	0.62	0px calc(-50% - 116.234px)	0.85	none	0.42	1.3px	0.652114	none	0.42	-	0.00032414	0.851924	0px 52.1656%	0	0	-	0	1
3-comein	320	1	1	0.957653	0.635578	40.9975deg	0.544472	0.52	0.52	100px, 100px	0.46641	0.538409	65.589px -2.30139px	1	1	0px	none	none	1.01071 1.00535	0.62	0px calc(-50% - 119.759px)	0.85	none	0.42	1.3px	0.631798	none	0.42	-	0	0.922484	0px 33.2993%	0.369666	0	-	0	1
3-comein	360	1	1	0.962149	0.624814	42.2084deg	0.531017	0.52	0.52	100px, 100px	0.446426	0.52187	65.589px -5.00923px	1	1	0px	none	none	1.01106 1.00553	0.62	0px calc(-50% - 123.074px)	0.85	none	0.42	1.3px	0.611034	none	0.42	-	0	0.961383	0px 20.7168%	0.633979	0	-	0	1
3-comein	400	1	1	0.966453	0.617025	43.0847deg	0.521282	0.52	0.52	100px, 100px	0.434347	0.511873	65.589px -6.64605px	1	1	0px	none	none	1.01139 1.0057	0.62	0px calc(-50% - 126.167px)	0.85	none	0.42	1.3px	0.590115	none	0.42	-	0	0.982246	0px 12.6269%	0.798045	0	-	0	1
3-comein	440	1	1	0.970548	0.611435	43.7136deg	0.514294	0.52	0.52	100px, 100px	0.427248	0.505998	65.589px -7.60789px	1	1	0px	none	none	1.01171 1.00585	0.615646	0px calc(-50% - 129.025px)	0.85	none	0.42	1.3px	0.569335	none	0.42	-	0	0.992864	0px 7.51488%	0.892338	0.196589	-	0	1
3-comein	480	1	1	0.974421	0.607469	44.1597deg	0.509337	0.52	0.52	100px, 100px	0.423275	0.502711	65.589px -8.14618px	1	1	0px	none	none	1.01201 1.00601	0.596631	0px calc(-50% - 131.638px)	0.809633	none	0.42	1.3px	0.548987	none	0.42	-	0	0.997746	0px 4.32515%	0.944863	0.515664	-	0	1
3-comein	520	1	1	0.978059	0.604703	44.4709deg	0.505879	0.52	0.52	100px, 100px	0.421231	0.501019	65.589px -8.42317px	1	1	0px	none	none	1.01229 1.00615	0.565824	0px calc(-50% - 133.997px)	0.656455	none	0.42	1.3px	0.529352	none	0.527113	-	0	0.999573	0px 2.36987%	0.973482	0.726819	-	0	1
3-comein	560	1	1	0.98145	0.602819	44.6828deg	0.503524	0.52	0.52	100px, 100px	0.420328	0.500271	65.589px -8.54559px	1	1	0px	none	none	1.01256 1.00628	0.525629	0px calc(-50% - 136.091px)	0.432567	none	0.42	1.3px	0.510701	none	0.655032	-	0	0.999986	0px 1.20676%	0.988499	0.851924	-	0	1
3-comein	600	1	1	0.984583	0.60158	44.8223deg	0.501974	0.52	0.52	100px, 100px	0.420037	0.500031	65.589px -8.58498px	1	1	0px	none	none	1.0128 1.0064	0.477671	0px calc(-50% - 137.914px)	0.156936	none	0.42	1.3px	0.493281	none	0.723296	-	0	1	0px 0.549025%	0.995823	0.922484	-	0	1
3-comein	640	1	1	0.987448	0.600803	44.9096deg	0.501004	0.52	0.52	100px, 100px	0.42	0.5	65.589px -8.59px	1	1	0px	none	none	1.01302 1.00651	0.423095	0px calc(-50% - 139.46px)	0	none	0.42	1.3px	0.477322	none	0.755791	-	0	1	0px 0.20758%	0.99892	0.961383	-	0	1
3-comein	680	1	1	0.990036	0.600352	44.9604deg	0.50044	0.52	0.52	100px, 100px	0.42	0.5	65.589px -8.59px	1	1	0px	none	none	1.01322 1.00661	0.362728	0px calc(-50% - 140.721px)	0	none	0.42	1.3px	0.463023	none	0.770604	-	0	1	0px 0.0555338%	0.999881	0.982246	-	0	1
3-comein	720	1	1	0.992339	0.60012	44.9865deg	0.50015	0.52	0.52	100px, 100px	0.42	0.5	65.589px -8.59px	1	1	0px	none	none	1.0134 1.0067	0.297164	0px calc(-50% - 141.695px)	0	none	0.42	1.3px	0.450561	none	0.776962	-	0	1	0px 0.00630883%	1	0.992864	-	0	1
3-comein	760	1	1	0.99435	0.600024	44.9973deg	0.50003	0.52	0.52	100px, 100px	0.42	0.5	65.589px -8.59px	1	1	0px	none	none	1.01356 1.00678	0.226807	0px calc(-50% - 142.377px)	0	none	0.42	1.3px	0.440082	none	0.77933	-	0	1	0px 0%	1	0.997746	-	0	1
3-comein	800	1	1	0.996063	0.600001	44.9999deg	0.500001	0.52	0.52	100px, 100px	0.42	0.5	65.589px -8.59px	1	1	0px	none	none	1.01369 1.00685	0.15187	0px calc(-50% - 142.764px)	0	none	0.42	1.3px	0.431707	none	0.77995	-	0	1	0px 0%	1	0.999573	-	0	1
3-comein	840	1	1	0.997472	0.6	45deg	0.5	0.52	0.52	100px, 100px	0.42	0.5	65.589px -8.59px	1	1	0px	none	none	1.0138 1.0069	0.0722861	0px calc(-50% - 142.86px)	0	none	0.42	1.3px	0.425531	none	0.779954	-	0	1	0px 0%	1	0.999986	-	0	1
3-comein	880	1	1	0.998574	0.6	45deg	0.5	0.52	0.52	100px, 100px	0.42	0.5	65.589px -8.59px	1	1	0px	none	none	1.01389 1.00694	0	0px calc(-50% - 142.86px)	0	none	0.42	1.3px	0.421625	none	0.77832	-	0	1	0px 0%	1	1	-	0	1
3-comein	920	1	1	0.999364	0.6	45deg	0.5	0.52	0.52	100px, 100px	0.42	0.5	65.589px -8.59px	1	1	0px	none	none	1.01395 1.00698	0	0px calc(-50% - 142.86px)	0	none	0.42	1.3px	0.420037	none	0.774368	-	0	1	0px 0%	1	1	-	0	1
3-comein	960	1	1	0.99984	0.6	45deg	0.5	0.52	0.52	100px, 100px	0.42	0.5	65.589px -8.59px	1	1	0px	none	none	1.01399 1.00699	0	0px calc(-50% - 142.86px)	0	none	0.42	1.3px	0.42	none	0.768147	-	0	1	0px 0%	1	1	-	0	1
3-comein	1000	1	1	1	0.6	45deg	0.5	0.52	0.52	100px, 100px	0.42	0.5	65.589px -8.59px	1	1	0px	none	none	1.014 1.007	0	0px calc(-50% - 142.86px)	0	none	0.42	1.3px	0.42	none	0.759729	-	0	1	0px 0%	1	1	-	0	1
3-comein	1040	1	1	0.999842	0.6	45deg	0.5	0.52	0.52	100px, 100px	0.42	0.5	65.589px -8.59px	1	1	0px	none	none	1.01399 1.00699	0	0px calc(-50% - 142.86px)	0	none	0.42	1.3px	0.42	none	0.749209	-	0	1	0px 0%	1	1	-	0	1
3-comein	1080	1	1	0.999368	0.6	45deg	0.5	0.52	0.52	100px, 100px	0.42	0.5	65.589px -8.59px	1	1	0px	none	none	1.01395 1.00698	0	0px calc(-50% - 142.86px)	0	none	0.42	1.3px	0.42	none	0.736708	-	0	1	0px 0%	1	1	-	0	1
3-comein	1120	1	none	0.998579	0.6	45deg	0.5	0.52	0.52	100px, 100px	0.42	0.5	65.589px -8.59px	1	1	0px	none	none	1.01389 1.00694	0	0px calc(-50% - 142.86px)	0	none	0.42	1.3px	0.42	none	0.722375	-	0	1	0px 0%	1	1	-	0	1
3-comein	1160	1	none	0.997478	0.6	45deg	0.5	0.52	0.52	100px, 100px	0.42	0.5	65.589px -8.59px	1	1	0px	none	none	1.0138 1.0069	0	0px calc(-50% - 142.86px)	0	none	0.42	1.3px	0.42	none	0.706384	-	0	1	0px 0%	1	1	-	0	1
3-comein	1200	1	none	0.99607	0.6	45deg	0.5	0.52	0.52	100px, 100px	0.42	0.5	65.589px -8.59px	1	1	0px	none	none	1.01369 1.00685	0	0px calc(-50% - 142.86px)	0	none	0.42	1.3px	0.42	none	0.688938	-	0	1	0px 0%	1	1	-	0	1
3-comein	1240	1	none	0.994359	0.6	45deg	0.5	0.52	0.52	100px, 100px	0.42	0.5	65.589px -8.59px	1	1	0px	none	none	1.01356 1.00678	0	0px calc(-50% - 142.86px)	0	none	0.42	1.3px	0.42	none	0.670264	-	0	1	0px 0%	1	1	-	0	1
