phase	t	stage.op	far.op	wash.op	ring.op	ring.rot	ringsv.rot	halo.da	near.op	near.sc	near.tr	fig.sc	ax.do	sk.fill	pulse.op	surge.op	surge.tr	heart.glow	heart.on	eye.op	w0.tr	p0.op	acts.op	ghost.op	ghost.tr
1-arrive	0	1	0	0.82	1	0deg	-24deg	0px, 100px	1	0.47	65.589px -8.59px	1	100px	0	0	0	0px -50%	1	-	0	0px 112%	0	0	-	-
1-arrive	40	1	0.110734	0.82	1	0deg	-24deg	0px, 100px	1	0.473322	65.589px -8.59px	1	100px	0	0	0	0px -50%	1	-	0	0px 112%	0	0	-	-
1-arrive	80	1	0.215033	0.82	1	0deg	-24deg	0px, 100px	1	0.476451	65.589px -8.59px	1	100px	0	0	0	0px -50%	1	-	0	0px 112%	0	0	-	-
1-arrive	120	1	0.312043	0.82	1	0deg	-22.8012deg	0px, 100px	1	0.479361	65.589px -8.59px	1	100px	0	0	0	0px -50%	1	-	0	0px 112%	0	0	-	-
1-arrive	160	1	0.401097	0.82	1	0deg	-20.4897deg	0px, 100px	1	0.482033	65.589px -8.59px	1	99.2356px	0	0	0	0px -50%	1	-	0	0px 112%	0	0	-	-
1-arrive	200	1	0.48179	0.82	1	0deg	-18.306deg	0px, 100px	1	0.484454	65.589px -8.59px	1	96.808px	0	0	0	0px -50%	1	-	0	0px 112%	0	0	-	-
1-arrive	240	1	0.554011	0.82	1	0deg	-16.2638deg	0px, 100px	1	0.48662	65.589px -8.59px	1	92.5195px	0	0	0	0px -50%	1	-	0	0px 112%	0	0	-	-
1-arrive	280	1	0.617936	0.82	1	0deg	-14.3737deg	0px, 100px	1	0.488538	65.589px -8.59px	1	86.2139px	0	0	0	0px -50%	1	-	0	0px 112%	0	0	-	-
1-arrive	320	1	0.673978	0.82	1	0deg	-12.6422deg	0px, 100px	1	0.490219	65.589px -8.59px	1	77.8515px	0	0	0	0px -50%	1	-	0	0px 112%	0	0	-	-
1-arrive	360	1	0.722726	0.82	1	0deg	-11.0715deg	0px, 100px	1	0.491682	65.589px -8.59px	1	67.6198px	0	0	0	0px -50%	1	-	0	0px 112%	0	0	-	-
1-arrive	400	1	0.764865	0.82	1	0deg	-9.65933deg	0px, 100px	1	0.492946	65.589px -8.59px	1	56.0391px	0	0	0	0px -50%	1	-	0	0px 112%	0	0	-	-
1-arrive	440	1	0.801117	0.82	1	0deg	-8.39979deg	0px, 100px	1	0.494034	65.589px -8.59px	1	43.9609px	0	0	0	0px -50%	1	-	0	0px 112%	0	0	-	-
1-arrive	480	1	0.832192	0.82	1	0deg	-7.28388deg	0px, 100px	1	0.494966	65.589px -8.59px	1	32.3802px	0	0	0	0px -50%	1	-	0	0px 112%	0	0	-	-
1-arrive	520	1	0.858758	0.82	1	0deg	-6.3007deg	0px, 100px	1	0.495763	65.589px -8.59px	1	22.1485px	0	0	0	0px -50%	1	-	0	0px 112%	0	0	-	-
1-arrive	560	1	0.881423	0.82	1	0deg	-5.4383deg	0px, 100px	1	0.496443	65.589px -8.59px	1	13.7861px	0	0	0	0px -50%	1	-	0	0px 112%	0	0	-	-
1-arrive	600	1	0.900728	0.82	1	0deg	-4.6845deg	0px, 100px	1	0.497022	65.589px -8.59px	1	7.48051px	0	0	0	0px -50%	1	-	0	0px 112%	0	0	-	-
1-arrive	640	1	0.917147	0.82	1	0deg	-4.02739deg	0px, 100px	1	0.497514	65.589px -8.59px	1	3.19205px	0	0	0	0px -50%	1	-	0	0px 112%	0	0	-	-
1-arrive	680	1	0.931091	0.82	1	0deg	-3.45577deg	0px, 100px	1	0.497933	65.589px -8.59px	1	0.764389px	0	0	0	0px -50%	1	-	0	0px 112%	0	0	-	-
1-arrive	720	1	0.942916	0.82	1	0deg	-2.95932deg	0px, 100px	1	0.498287	65.589px -8.59px	1	0px	0	0	0	0px -50%	1	-	0	0px 112%	0	0	-	-
1-arrive	760	1	0.952927	0.82	1	0deg	-2.52874deg	0px, 100px	1	0.498588	65.589px -8.59px	1	0px	0	0	0	0px -50%	1	-	0	0px 112%	0	0	-	-
1-arrive	800	1	0.961383	0.82	1	0deg	-2.15572deg	0px, 100px	1	0.498841	65.589px -8.59px	1	0px	0	0	0	0px -50%	1	-	0	0px 112%	0	0	-	-
1-arrive	840	1	0.968508	0.82	1	0deg	-1.83294deg	0px, 100px	1	0.499055	65.589px -8.59px	1	0px	0	0	0	0px -50%	1	-	0	0px 112%	0	0	-	-
1-arrive	880	1	0.974493	0.82	1	0deg	-1.55394deg	0.074523px, 100px	1	0.499235	65.589px -8.59px	1	0px	0	0	0	0px -50%	1	-	0	0px 112%	0	0	-	-
1-arrive	920	1	0.979502	0.82	1	0deg	-1.31309deg	0.734731px, 100px	1	0.499385	65.589px -8.59px	1	0px	0	0	0	0px -50%	1	-	0	0px 112%	0	0	-	-
1-arrive	960	1	0.983675	0.82	1	0deg	-1.10548deg	2.25982px, 100px	1	0.49951	65.589px -8.59px	1	0px	0	0	0	0px -50%	1	-	0	0px 112%	0	0	-	-
1-arrive	1000	1	0.987134	0.82	1	0deg	-0.926819deg	4.96838px, 100px	1	0.499614	65.589px -8.59px	1	0px	0	0	0	0px -50%	1	-	0	0px 112%	0	0	-	-
1-arrive	1040	1	0.989982	0.82	1	0deg	-0.773389deg	9.3523px, 100px	1	0.499699	65.589px -8.59px	1	0px	0	0	0	0px -50%	1	-	0	0px 112%	0	0	-	-
1-arrive	1080	1	0.99231	0.82	1	0deg	-0.641941deg	16.1353px, 100px	1	0.499769	65.589px -8.59px	1	0px	0	0	0	0px -50%	1	-	0	0px 112%	0	0	-	-
1-arrive	1120	1	0.994194	0.82	1	0deg	-0.529644deg	26.0538px, 100px	1	0.499826	65.589px -8.59px	1	0px	0	0	0	0px -50%	1	-	0.196589	0px 112%	0	0	-	-
1-arrive	1160	1	0.995703	0.82	1	0deg	-0.434028deg	38.6151px, 100px	1	0.499871	65.589px -8.59px	1	0px	0.0640099	0	0	0px -50%	1	-	0.515664	0px 112%	0	0	-	-
1-arrive	1200	1	0.996894	0.82	1	0deg	-0.352936deg	51.1795px, 100px	1	0.499907	65.589px -8.59px	1	0px	0.298659	0	0	0px -50%	1	-	0.726819	0px 78.5502%	0	0	-	-
1-arrive	1240	1	0.99782	0.82	1	0deg	-0.28448deg	61.6792px, 100px	1	0.499935	65.589px -8.59px	1	0px	0.492625	0	0	0px -50%	1	-	0.851924	0px 52.1656%	0	0	-	-
1-arrive	1280	1	0.998524	0.82	1	0deg	-0.227003deg	69.9359px, 100px	1	0.499956	65.589px -8.59px	1	0px	0.642888	0	0	0px -50%	1	-	0.922484	0px 33.2993%	0.369666	0	-	-
1-arrive	1320	1	0.999046	0.82	1	0deg	-0.179052deg	76.4116px, 100px	1	0.499971	65.589px -8.59px	1	0px	0.753457	0	0	0px -50%	1	-	0.961383	0px 20.7168%	0.633979	0	-	-
1-arrive	1360	1	0.99942	0.82	1	0deg	-0.139348deg	81.548px, 100px	1	0.499983	65.589px -8.59px	1	0px	0.832192	0	0	0px -50%	1	-	0.982246	0px 12.6269%	0.798045	0	-	-
1-arrive	1400	1	0.999676	0.82	1	0deg	-0.106763deg	85.667px, 100px	1	0.49999	65.589px -8.59px	1	0px	0.88726	0	0	0px -50%	1	-	0.992864	0px 7.51488%	0.892338	0.196589	-	-
1-arrive	1440	1	0.99984	0.82	1	0deg	-0.0803024deg	88.994px, 100px	1	0.499995	65.589px -8.59px	1	0px	0.925394	0	0	0px -50%	1	-	0.997746	0px 4.32515%	0.944863	0.515664	-	-
1-arrive	1480	1	0.999934	0.82	1	0deg	-0.0590862deg	91.6891px, 100px	1	0.499998	65.589px -8.59px	1	0px	0.951597	0	0	0px -50%	1	-	0.999573	0px 2.36987%	0.973482	0.726819	-	-
1-arrive	1520	1	0.999981	0.82	1	0deg	-0.0423346deg	93.8684px, 100px	1	0.499999	65.589px -8.59px	1	0px	0.969428	0	0	0px -50%	1	-	0.999986	0px 1.20676%	0.988499	0.851924	-	-
1-arrive	1560	1	0.999998	0.82	1	0deg	-0.0293562deg	95.6184px, 100px	1	0.5	65.589px -8.59px	1	0px	0.981385	0	0	0px -50%	1	-	1	0px 0.549025%	0.995823	0.922484	-	-
1-arrive	1600	1	1	0.82	1	0deg	-0.0195363deg	97.0054px, 100px	1	0.5	65.589px -8.59px	1	0px	0.989225	0	0	0px -50%	1	-	1	0px 0.20758%	0.99892	0.961383	-	-
1-arrive	1640	1	1	0.82	1	0deg	-0.0123282deg	98.0808px, 100px	1	0.5	65.589px -8.59px	1	0px	0.994194	0	0	0px -50%	1	-	1	0px 0.0555338%	0.999881	0.982246	-	-
1-arrive	1680	1	1	0.82	1	0deg	-0.00724479deg	98.8856px, 100px	1	0.5	65.589px -8.59px	1	0px	0.997184	0	0	0px -50%	1	-	1	0px 0.00630883%	1	0.992864	-	-
1-arrive	1720	1	1	0.82	1	0deg	-0.00385138deg	99.453px, 100px	1	0.5	65.589px -8.59px	1	0px	0.998843	0	0	0px -50%	1	-	1	0px 0%	1	0.997746	-	-
1-arrive	1760	1	1	0.82	1	0deg	-0.00175986deg	99.8102px, 100px	1	0.5	65.589px -8.59px	1	0px	0.999646	0	0	0px -50%	1	-	1	0px 0%	1	0.999573	-	-
1-arrive	1800	1	1	0.82	1	0deg	-0.000623208deg	99.9796px, 100px	1	0.5	65.589px -8.59px	1	0px	0.999944	0	0	0px -50%	1	-	1	0px 0%	1	0.999986	-	-
1-arrive	1840	1	1	0.82	1	0deg	-0.000130876deg	100px, 100px	1	0.5	65.589px -8.59px	1	0px	1	0	0	0px -50%	1	-	1	0px 0%	1	1	-	-
1-arrive	1880	1	1	0.82	1	0deg	-4.71517e-06deg	100px, 100px	1	0.5	65.589px -8.59px	1	0px	1	0	0	0px -50%	1	-	1	0px 0%	1	1	-	-
1-arrive	1920	1	1	0.82	1	0deg	none	100px, 100px	1	0.5	65.589px -8.59px	1	0px	1	0	0	0px -50%	1	-	1	0px 0%	1	1	-	-
1-arrive	1960	1	1	0.82	1	0deg	none	100px, 100px	1	0.5	65.589px -8.59px	1	0px	1	0	0	0px -50%	1	-	1	0px 0%	1	1	-	-
1-arrive	2000	1	1	0.82	1	0deg	none	100px, 100px	1	0.5	65.589px -8.59px	1	0px	1	0	0	0px -50%	1	-	1	0px 0%	1	1	-	-
1-arrive	2040	1	1	0.82	1	0deg	none	100px, 100px	1	0.5	65.589px -8.59px	1	0px	1	0	0	0px -50%	1	-	1	0px 0%	1	1	-	-
1-arrive	2080	1	1	0.82	1	0deg	none	100px, 100px	1	0.5	65.589px -8.59px	1	0px	1	0	0	0px -50%	1	-	1	0px 0%	1	1	-	-
1-arrive	2120	1	1	0.82004	1	0deg	none	100px, 100px	1	0.5	65.589px -8.59px	1 1	0px	1	0.177172	0	0px -50%	1	-	1	0px 0%	1	1	-	-
1-arrive	2160	1	1	0.820357	1	0deg	none	100px, 100px	1	0.5	65.589px -8.59px	1.00003 1.00001	0px	1	0.423099	0	0px -50%	1	-	1	0px 0%	1	1	-	-
1-arrive	2200	1	1	0.82099	1	0deg	none	100px, 100px	1	0.5	65.589px -8.59px	1.00008 1.00004	0px	1	0.541205	0	0px -50%	1	-	1	0px 0%	1	1	-	-
1-arrive	2240	1	1	0.821935	1	0deg	none	100px, 100px	1	0.5	65.589px -8.59px	1.00015 1.00008	0px	1	0.591085	0	0px -50%	1	-	1	0px 0%	1	1	-	-
1-arrive	2280	1	1	0.823191	1	0deg	none	100px, 100px	1	0.5	65.589px -8.59px	1.00025 1.00012	0px	1	0.61098	0	0px -50%	1	-	1	0px 0%	1	1	-	-
1-arrive	2320	1	1	0.824752	1	0deg	none	100px, 100px	1	0.5	65.589px -8.59px	1.00037 1.00018	0px	1	0.61803	0	0px -50%	1	-	1	0px 0%	1	1	-	-
1-arrive	2360	1	1	0.826614	1	0deg	none	100px, 100px	1	0.5	65.589px -8.59px	1.00051 1.00026	0px	1	0.619843	0	0px -50%	1	-	1	0px 0%	1	1	-	-
1-arrive	2400	1	1	0.828771	1	0deg	none	100px, 100px	1	0.5	65.589px -8.59px	1.00068 1.00034	0px	1	0.62	0	0px -50%	1	-	1	0px 0%	1	1	-	-
1-arrive-rest	2520	1	1	0.836943	1	0deg	none	100px, 100px	1	0.5	65.589px -8.59px	1.00132 1.00066	0px	1	0.62	0	0px -50%	1	-	1	0px 0%	1	1	-	-
1-arrive-rest	2640	1	1	0.847477	1	0deg	none	100px, 100px	1	0.5	65.589px -8.59px	1.00214 1.00107	0px	1	0.62	0	0px -50%	1	-	1	0px 0%	1	1	-	-
1-arrive-rest	2760	1	1	0.860065	1	0deg	none	100px, 100px	1	0.5	65.589px -8.59px	1.00312 1.00156	0px	1	0.62	0	0px -50%	1	-	1	0px 0%	1	1	-	-
1-arrive-rest	2880	1	1	0.874317	1	0deg	none	100px, 100px	1	0.5	65.589px -8.59px	1.00422 1.00211	0px	1	0.62	0	0px -50%	1	-	1	0px 0%	1	1	-	-
1-arrive-rest	3000	1	1	0.889774	1	0deg	none	100px, 100px	1	0.5	65.589px -8.59px	1.00543 1.00271	0px	1	0.62	0	0px -50%	1	-	1	0px 0%	1	1	-	-
1-arrive-rest	3120	1	1	0.90592	1	0deg	none	100px, 100px	1	0.5	65.589px -8.59px	1.00668 1.00334	0px	1	0.62	0	0px -50%	1	-	1	0px 0%	1	1	-	-
1-arrive-rest	3240	1	1	0.922206	1	0deg	none	100px, 100px	1	0.5	65.589px -8.59px	1.00795 1.00397	0px	1	0.62	0	0px -50%	1	-	1	0px 0%	1	1	-	-
1-arrive-rest	3360	1	1	0.938074	1	0deg	none	100px, 100px	1	0.5	65.589px -8.59px	1.00918 1.00459	0px	1	0.62	0	0px -50%	1	-	1	0px 0%	1	1	-	-
1-arrive-rest	3480	1	1	0.95299	1	0deg	none	100px, 100px	1	0.5	65.589px -8.59px	1.01034 1.00517	0px	1	0.62	0	0px -50%	1	-	1	0px 0%	1	1	-	-
1-arrive-rest	3600	1	1	0.966463	1	0deg	none	100px, 100px	1	0.5	65.589px -8.59px	1.01139 1.0057	0px	1	0.62	0	0px -50%	1	-	1	0px 0%	1	1	-	-
1-arrive-rest	3720	1	1	0.978068	1	0deg	none	100px, 100px	1	0.5	65.589px -8.59px	1.01229 1.00615	0px	1	0.565735	0	0px -50%	1	-	1	0px 0%	1	1	-	-
1-arrive-rest	3840	1	1	0.987454	1	0deg	none	100px, 100px	1	0.5	65.589px -8.59px	1.01302 1.00651	0px	1	0.422951	0	0px -50%	1	-	1	0px 0%	1	1	-	-
1-arrive-rest	3960	1	1	0.994354	1	0deg	none	100px, 100px	1	0.5	65.589px -8.59px	1.01356 1.00678	0px	1	0.226625	0	0px -50%	1	-	1	0px 0%	1	1	-	-
1-arrive-rest	4080	1	1	0.998576	1	0deg	none	100px, 100px	1	0.5	65.589px -8.59px	1.01389 1.00694	0px	1	0	0	0px -50%	1	-	1	0px 0%	1	1	-	-
1-arrive-rest	4200	1	1	1	1	0deg	none	100px, 100px	1	0.5	65.589px -8.59px	1.014 1.007	0px	1	0	0	0px -50%	1	-	1	0px 0%	1	1	-	-
1-arrive-rest	4320	1	1	0.998576	1	0deg	none	100px, 100px	1	0.5	65.589px -8.59px	1.01389 1.00694	0px	1	0	0	0px -50%	1	-	1	0px 0%	1	1	-	-
1-arrive-rest	4440	1	1	0.994354	1	0deg	none	100px, 100px	1	0.5	65.589px -8.59px	1.01356 1.00678	0px	1	0	0	0px -50%	1	-	1	0px 0%	1	1	-	-
1-arrive-rest	4560	1	1	0.987454	1	0deg	none	100px, 100px	1	0.5	65.589px -8.59px	1.01302 1.00651	0px	1	0	0	0px -50%	1	-	1	0px 0%	1	1	-	-
1-arrive-rest	4680	1	1	0.978068	1	0deg	none	100px, 100px	1	0.5	65.589px -8.59px	1.01229 1.00615	0px	1	0	0	0px -50%	1	-	1	0px 0%	1	1	-	-
1-arrive-rest	4800	1	1	0.966463	1	0deg	none	100px, 100px	1	0.5	65.589px -8.59px	1.01139 1.0057	0px	1	0	0	0px -50%	1	-	1	0px 0%	1	1	-	-
1-arrive-rest	4920	1	1	0.95299	1	0deg	none	100px, 100px	1	0.5	65.589px -8.59px	1.01034 1.00517	0px	1	0	0	0px -50%	1	-	1	0px 0%	1	1	-	-
1-arrive-rest	5040	1	1	0.938074	1	0deg	none	100px, 100px	1	0.5	65.589px -8.59px	1.00918 1.00459	0px	1	0	0	0px -50%	1	-	1	0px 0%	1	1	-	-
1-arrive-rest	5160	1	1	0.922206	1	0deg	none	100px, 100px	1	0.5	65.589px -8.59px	1.00795 1.00397	0px	1	0	0	0px -50%	1	-	1	0px 0%	1	1	-	-
1-arrive-rest	5280	1	1	0.90592	1	0deg	none	100px, 100px	1	0.5	65.589px -8.59px	1.00668 1.00334	0px	1	0	0	0px -50%	1	-	1	0px 0%	1	1	-	-
1-arrive-rest	5400	1	1	0.889774	1	0deg	none	100px, 100px	1	0.5	65.589px -8.59px	1.00543 1.00271	0px	1	0	0	0px -50%	1	-	1	0px 0%	1	1	-	-
1-arrive-rest	5520	1	1	0.874317	1	0deg	none	100px, 100px	1	0.5	65.589px -8.59px	1.00422 1.00211	0px	1	0	0	0px -50%	1	-	1	0px 0%	1	1	-	-
1-arrive-rest	5640	1	1	0.860065	1	0deg	none	100px, 100px	1	0.5	65.589px -8.59px	1.00312 1.00156	0px	1	0	0	0px -50%	1	-	1	0px 0%	1	1	-	-
1-arrive-rest	5760	1	1	0.847477	1	0deg	none	100px, 100px	1	0.5	65.589px -8.59px	1.00214 1.00107	0px	1	0	0	0px -50%	1	-	1	0px 0%	1	1	-	-
1-arrive-rest	5880	1	1	0.836943	1	0deg	none	100px, 100px	1	0.5	65.589px -8.59px	1.00132 1.00066	0px	1	0	0	0px -50%	1	-	1	0px 0%	1	1	-	-
1-arrive-rest	6000	1	1	0.828771	1	0deg	none	100px, 100px	1	0.5	65.589px -8.59px	1.00068 1.00034	0px	1	0	0	0px -50%	1	-	1	0px 0%	1	1	-	-
1-arrive-rest	6120	1	1	0.823191	1	0deg	none	100px, 100px	1	0.5	65.589px -8.59px	1.00025 1.00012	0px	1	0	0	0px -50%	1	-	1	0px 0%	1	1	-	-
1-arrive-rest	6240	1	1	0.820357	1	0deg	none	100px, 100px	1	0.5	65.589px -8.59px	1.00003 1.00001	0px	1	0	0	0px -50%	1	-	1	0px 0%	1	1	-	-
1-arrive-rest	6360	1	1	0.820357	1	0deg	none	100px, 100px	1	0.5	65.589px -8.59px	1.00003 1.00001	0px	1	0.423099	0	0px -50%	1	-	1	0px 0%	1	1	-	-
1-arrive-rest	6480	1	1	0.823191	1	0deg	none	100px, 100px	1	0.5	65.589px -8.59px	1.00025 1.00012	0px	1	0.61098	0	0px -50%	1	-	1	0px 0%	1	1	-	-
1-arrive-rest	6600	1	1	0.828771	1	0deg	none	100px, 100px	1	0.5	65.589px -8.59px	1.00068 1.00034	0px	1	0.62	0	0px -50%	1	-	1	0px 0%	1	1	-	-
1-arrive-rest	6720	1	1	0.836943	1	0deg	none	100px, 100px	1	0.5	65.589px -8.59px	1.00132 1.00066	0px	1	0.62	0	0px -50%	1	-	1	0px 0%	1	1	-	-
1-arrive-rest	6840	1	1	0.847477	1	0deg	none	100px, 100px	1	0.5	65.589px -8.59px	1.00214 1.00107	0px	1	0.62	0	0px -50%	1	-	1	0px 0%	1	1	-	-
1-arrive-rest	6960	1	1	0.860065	1	0deg	none	100px, 100px	1	0.5	65.589px -8.59px	1.00312 1.00156	0px	1	0.62	0	0px -50%	1	-	1	0px 0%	1	1	-	-
1-arrive-rest	7080	1	1	0.874317	1	0deg	none	100px, 100px	1	0.5	65.589px -8.59px	1.00422 1.00211	0px	1	0.62	0	0px -50%	1	-	1	0px 0%	1	1	-	-
1-arrive-rest	7200	1	1	0.889774	1	0deg	none	100px, 100px	1	0.5	65.589px -8.59px	1.00543 1.00271	0px	1	0.62	0	0px -50%	1	-	1	0px 0%	1	1	-	-
1-arrive-rest	7320	1	1	0.90592	1	0deg	none	100px, 100px	1	0.5	65.589px -8.59px	1.00668 1.00334	0px	1	0.62	0	0px -50%	1	-	1	0px 0%	1	1	-	-
1-arrive-rest	7440	1	1	0.922206	1	0deg	none	100px, 100px	1	0.5	65.589px -8.59px	1.00795 1.00397	0px	1	0.62	0	0px -50%	1	-	1	0px 0%	1	1	-	-
1-arrive-rest	7560	1	1	0.938074	1	0deg	none	100px, 100px	1	0.5	65.589px -8.59px	1.00918 1.00459	0px	1	0.62	0	0px -50%	1	-	1	0px 0%	1	1	-	-
1-arrive-rest	7680	1	1	0.95299	1	0deg	none	100px, 100px	1	0.5	65.589px -8.59px	1.01034 1.00517	0px	1	0.62	0	0px -50%	1	-	1	0px 0%	1	1	-	-
1-arrive-rest	7800	1	1	0.966463	1	0deg	none	100px, 100px	1	0.5	65.589px -8.59px	1.01139 1.0057	0px	1	0.62	0	0px -50%	1	-	1	0px 0%	1	1	-	-
1-arrive-rest	7920	1	1	0.978068	1	0deg	none	100px, 100px	1	0.5	65.589px -8.59px	1.01229 1.00615	0px	1	0.565735	0	0px -50%	1	-	1	0px 0%	1	1	-	-
1-arrive-rest	8040	1	1	0.987454	1	0deg	none	100px, 100px	1	0.5	65.589px -8.59px	1.01302 1.00651	0px	1	0.422951	0	0px -50%	1	-	1	0px 0%	1	1	-	-
1-arrive-rest	8160	1	1	0.994354	1	0deg	none	100px, 100px	1	0.5	65.589px -8.59px	1.01356 1.00678	0px	1	0.226625	0	0px -50%	1	-	1	0px 0%	1	1	-	-
1-arrive-rest	8280	1	1	0.998576	1	0deg	none	100px, 100px	1	0.5	65.589px -8.59px	1.01389 1.00694	0px	1	0	0	0px -50%	1	-	1	0px 0%	1	1	-	-
1-arrive-rest	8400	1	1	1	1	0deg	none	100px, 100px	1	0.5	65.589px -8.59px	1.014 1.007	0px	1	0	0	0px -50%	1	-	1	0px 0%	1	1	-	-
1-arrive-rest	8520	1	1	0.998576	1	0deg	none	100px, 100px	1	0.5	65.589px -8.59px	1.01389 1.00694	0px	1	0	0	0px -50%	1	-	1	0px 0%	1	1	-	-
1-arrive-rest	8640	1	1	0.994354	1	0deg	none	100px, 100px	1	0.5	65.589px -8.59px	1.01356 1.00678	0px	1	0	0	0px -50%	1	-	1	0px 0%	1	1	-	-
1-arrive-rest	8760	1	1	0.987454	1	0deg	none	100px, 100px	1	0.5	65.589px -8.59px	1.01302 1.00651	0px	1	0	0	0px -50%	1	-	1	0px 0%	1	1	-	-
1-arrive-rest	8880	1	1	0.978068	1	0deg	none	100px, 100px	1	0.5	65.589px -8.59px	1.01229 1.00615	0px	1	0	0	0px -50%	1	-	1	0px 0%	1	1	-	-
1-arrive-rest	9000	1	1	0.966463	1	0deg	none	100px, 100px	1	0.5	65.589px -8.59px	1.01139 1.0057	0px	1	0	0	0px -50%	1	-	1	0px 0%	1	1	-	-
1-arrive-rest	9120	1	1	0.95299	1	0deg	none	100px, 100px	1	0.5	65.589px -8.59px	1.01034 1.00517	0px	1	0	0	0px -50%	1	-	1	0px 0%	1	1	-	-
1-arrive-rest	9240	1	1	0.938074	1	0deg	none	100px, 100px	1	0.5	65.589px -8.59px	1.00918 1.00459	0px	1	0	0	0px -50%	1	-	1	0px 0%	1	1	-	-
1-arrive-rest	9360	1	1	0.922206	1	0deg	none	100px, 100px	1	0.5	65.589px -8.59px	1.00795 1.00397	0px	1	0	0	0px -50%	1	-	1	0px 0%	1	1	-	-
1-arrive-rest	9480	1	1	0.90592	1	0deg	none	100px, 100px	1	0.5	65.589px -8.59px	1.00668 1.00334	0px	1	0	0	0px -50%	1	-	1	0px 0%	1	1	-	-
1-arrive-rest	9600	1	1	0.889774	1	0deg	none	100px, 100px	1	0.5	65.589px -8.59px	1.00543 1.00271	0px	1	0	0	0px -50%	1	-	1	0px 0%	1	1	-	-
1-arrive-rest	9720	1	1	0.874317	1	0deg	none	100px, 100px	1	0.5	65.589px -8.59px	1.00422 1.00211	0px	1	0	0	0px -50%	1	-	1	0px 0%	1	1	-	-
1-arrive-rest	9840	1	1	0.860065	1	0deg	none	100px, 100px	1	0.5	65.589px -8.59px	1.00312 1.00156	0px	1	0	0	0px -50%	1	-	1	0px 0%	1	1	-	-
1-arrive-rest	9960	1	1	0.847477	1	0deg	none	100px, 100px	1	0.5	65.589px -8.59px	1.00214 1.00107	0px	1	0	0	0px -50%	1	-	1	0px 0%	1	1	-	-
1-arrive-rest	10080	1	1	0.836943	1	0deg	none	100px, 100px	1	0.5	65.589px -8.59px	1.00132 1.00066	0px	1	0	0	0px -50%	1	-	1	0px 0%	1	1	-	-
1-arrive-rest	10200	1	1	0.828771	1	0deg	none	100px, 100px	1	0.5	65.589px -8.59px	1.00068 1.00034	0px	1	0	0	0px -50%	1	-	1	0px 0%	1	1	-	-
1-arrive-rest	10320	1	1	0.823191	1	0deg	none	100px, 100px	1	0.5	65.589px -8.59px	1.00025 1.00012	0px	1	0	0	0px -50%	1	-	1	0px 0%	1	1	-	-
1-arrive-rest	10440	1	1	0.820357	1	0deg	none	100px, 100px	1	0.5	65.589px -8.59px	1.00003 1.00001	0px	1	0	0	0px -50%	1	-	1	0px 0%	1	1	-	-
1-arrive-rest	10560	1	1	0.820357	1	0deg	none	100px, 100px	1	0.5	65.589px -8.59px	1.00003 1.00001	0px	1	0.423099	0	0px -50%	1	-	1	0px 0%	1	1	-	-
1-arrive-rest	10680	1	1	0.823191	1	0deg	none	100px, 100px	1	0.5	65.589px -8.59px	1.00025 1.00012	0px	1	0.61098	0	0px -50%	1	-	1	0px 0%	1	1	-	-
1-arrive-rest	10800	1	1	0.828771	1	0deg	none	100px, 100px	1	0.5	65.589px -8.59px	1.00068 1.00034	0px	1	0.62	0	0px -50%	1	-	1	0px 0%	1	1	-	-
2-commit	0	1	1	0.846832	1	0deg	none	100px, 100px	1	0.5	65.589px -8.59px	1.00209 1.00104	0px	1	0.62	0	0px -50%	1	0	0	0px 112%	0	0	1	0px
2-commit	40	1	1	0.85078	0.970585	9.45488deg	none	100px, 100px	1	0.5	65.589px -8.59px	1.00239 1.0012	0px	1	0.62	0	0px -50%	1	0	0	0px 112%	0	0	0.920049	0px -2.87823px
2-commit	80	1	1	0.854945	0.945012	17.6748deg	none	100px, 100px	1	0.5	65.589px -8.59px	1.00272 1.00136	0px	1	0.62	0.65681	0px calc(-50% - 0.307089px)	1	0	0	0px 112%	0	0	0.733296	0px -9.60133px
2-commit	120	1	1	0.859314	0.923845	24.4785deg	none	100px, 100px	1	0.5	65.589px -8.59px	1.00306 1.00153	0px	1	0.62	0.847866	0px calc(-50% - 2.89576px)	1	0	0	0px 112%	0	0	0.479023	0px -18.7552px
2-commit	160	1	1	0.863871	0.907091	29.8636deg	none	100px, 100px	1	0.5	65.589px -8.59px	1.00341 1.00171	0px	1	0.62	0.85	0px calc(-50% - 8.41179px)	1	0	0.196589	0px 112%	0	0	0.172851	0px -29.7774px
2-commit	200	1	1	0.8686	0.894278	33.9821deg	none	100px, 100px	1	0.5	65.589px -8.59px	1.00378 1.00189	0px	1	0.62	0.85	0px calc(-50% - 17.1653px)	1	0	0.515664	0px 112%	0	0	0	0px -36px
2-commit	240	1	1	0.873485	0.884697	37.0617deg	none	100px, 100px	1	0.5	65.589px -8.59px	1.00416 1.00208	0px	1	0.62	0.85	0px calc(-50% - 29.2989px)	1	0	0.726819	0px 78.5502%	0	0	0	0px -36px
2-commit	280	1	1	0.878506	0.877628	39.3339deg	none	100px, 100px	1	0.5	65.589px -8.59px	1.00455 1.00228	0px	1	0.62	0.85	0px calc(-50% - 44.5826px)	1	0	0.851924	0px 52.1656%	0	0	0	0px -36px
2-commit	320	1	1	0.883647	0.872452	40.9975deg	none	100px, 100px	1	0.5	65.589px -8.59px	1.00495 1.00248	0px	1	0.62	0.85	0px calc(-50% - 62.1911px)	1	0	0.922484	0px 33.2993%	0.369666	0	0	0px -36px
2-commit	360	1	1	0.888888	0.868685	42.2084deg	none	100px, 100px	1	0.5	65.589px -8.59px	1.00536 1.00268	0px	1	0.62	0.85	0px calc(-50% - 80.6689px)	1	0	0.961383	0px 20.7168%	0.633979	0	0	0px -36px
2-commit	400	1	1	0.894208	0.865959	43.0847deg	none	100px, 100px	1	0.5	65.589px -8.59px	1.00577 1.00289	0px	1	0.62	0.85	0px calc(-50% - 98.2774px)	1	0	0.982246	0px 12.6269%	0.798045	0	0	0px -36px
2-commit	440	1	1	0.899589	0.864002	43.7136deg	none	100px, 100px	1	0.5	65.589px -8.59px	1.00619 1.0031	0px	1	0.62	0.85	0px calc(-50% - 113.561px)	1	0.272297	0.992864	0px 7.51488%	0.892338	0	0	0px -36px
2-commit	480	1	1	0.905009	0.862614	44.1597deg	none	100px, 100px	1	0.5	65.589px -8.59px	1.00661 1.00331	0px	1	0.62	0.809633	0px calc(-50% - 125.695px)	1	0.66024	0.997746	0px 4.32515%	0.944863	0	0	0px -36px
2-commit	520	1	1	0.910449	0.861646	44.4709deg	none	100px, 100px	1	0.5	65.589px -8.59px	1.00703 1.00352	0px	1	0.62	0.656455	0px calc(-50% - 134.448px)	1	0.856367	0.999573	0px 2.36987%	0.973482	0	0	0px -36px
2-commit	560	1	1	0.915887	0.860987	44.6828deg	none	100px, 100px	1	0.5	65.589px -8.59px	1.00746 1.00373	0px	1	0.62	0.432567	0px calc(-50% - 139.964px)	1	0.943614	0.999986	0px 1.20676%	0.988499	0	0	0px -36px
2-commit	600	1	1	0.921302	0.860553	44.8223deg	none	100px, 100px	1	0.5	65.589px -8.59px	1.00788 1.00394	0px	1	0.62	0.156936	0px calc(-50% - 142.553px)	1	0.980513	1	0px 0.549025%	0.995823	0	0	0px -36px
2-commit	640	1	1	0.926674	0.860281	44.9096deg	none	100px, 100px	1	0.5	65.589px -8.59px	1.0083 1.00415	0px	1	0.62	0	0px calc(-50% - 142.86px)	1	0.994819	1	0px 0.20758%	0.99892	0.100919	0	0px -36px
2-commit	680	1	1	0.931983	0.860123	44.9604deg	none	100px, 100px	1	0.5	65.589px -8.59px	1.00871 1.00435	0px	1	0.62	0	0px calc(-50% - 142.86px)	1	0.999268	1	0px 0.0555338%	0.999881	0.446162	0	0px -36px
2-commit	720	1	1	0.937209	0.860042	44.9865deg	none	100px, 100px	1	0.5	65.589px -8.59px	1.00912 1.00456	0px	1	0.62	0	0px calc(-50% - 142.86px)	1	0.999995	1	0px 0.00630883%	1	0.683365	0	0px -36px
2-commit	760	1	1	0.942331	0.860008	44.9973deg	none	100px, 100px	1	0.5	65.589px -8.59px	1.00951 1.00476	0px	1	0.62	0	0px calc(-50% - 142.86px)	1	1	1	0px 0%	1	0.826896	0	0px -36px
2-commit	800	1	1	0.947331	0.86	44.9999deg	none	100px, 100px	1	0.5	65.589px -8.59px	1.0099 1.00495	0px	1	0.62	0	0px calc(-50% - 142.86px)	1	1	1	0px 0%	1	0.908523	0	0px -36px
2-commit	840	1	1	0.952191	0.86	45deg	none	100px, 100px	1	0.5	65.589px -8.59px	1.01028 1.00514	0px	1	0.62	0	0px calc(-50% - 142.86px)	1	1	1	0px 0%	1	0.953756	0	0px -36px
2-commit	880	1	1	0.956893	0.86	45deg	none	100px, 100px	1	0.5	65.589px -8.59px	1.01065 1.00532	0px	1	0.62	0	0px calc(-50% - 142.86px)	1	1	1	0px 0%	1	0.978224	0	0px -36px
2-commit	920	1	1	0.96142	0.86	45deg	none	100px, 100px	1	0.5	65.589px -8.59px	1.011 1.0055	0px	1	0.62	0	0px calc(-50% - 142.86px)	1	1	1	0px 0%	1	0.990884	0	0px -36px
2-commit	960	1	1	0.965757	0.86	45deg	none	100px, 100px	1	0.5	65.589px -8.59px	1.01134 1.00567	0px	1	0.62	0	0px calc(-50% - 142.86px)	1	1	1	0px 0%	1	0.996894	0	0px -36px
2-commit	1000	1	1	0.969887	0.86	45deg	none	100px, 100px	1	0.5	65.589px -8.59px	1.01166 1.00583	0px	1	0.617417	0	0px calc(-50% - 142.86px)	1	1	1	0px 0%	1	0.9993	0	0px -36px
2-commit	1040	1	1	0.973798	0.86	45deg	none	100px, 100px	1	0.5	65.589px -8.59px	1.01196 1.00598	0px	1	0.60066	0	0px calc(-50% - 142.86px)	1	0.78	1	0px 0%	1	0.999951	0	0px -36px
2-commit	1080	1	1	0.977475	0.86	45deg	none	100px, 100px	1	0.5	65.589px -8.59px	1.01225 1.00612	0px	1	0.571607	0	0px calc(-50% - 142.86px)	1	0.780194	1	0px 0%	1	1	0	0px -36px
2-commit	1120	1	1	0.980908	0.86	45deg	none	100px, 100px	1	0.5	65.589px -8.59px	1.01252 1.00626	0px	1	0.532833	0	0px calc(-50% - 142.86px)	1	0.780775	1	0px 0%	1	1	0	0px -36px
2-commit	1160	1	1	0.984084	0.86	45deg	none	100px, 100px	1	0.5	65.589px -8.59px	1.01276 1.00638	0px	1	0.486066	0	0px calc(-50% - 142.86px)	1	0.78174	1	0px 0%	1	1	0	0px -36px
2-commit	1200	1	1	0.986994	0.86	45deg	none	100px, 100px	1	0.5	65.589px -8.59px	1.01299 1.00649	0px	1	0.432518	0	0px calc(-50% - 142.86px)	1	0.783086	1	0px 0%	1	1	0	0px -36px
2-commit	1240	1	1	0.989628	0.86	45deg	none	100px, 100px	1	0.5	65.589px -8.59px	1.01319 1.0066	0px	1	0.37306	0	0px calc(-50% - 142.86px)	1	0.784808	1	0px 0%	1	1	0	0px -36px
2-commit	1280	1	1	0.991979	0.86	45deg	none	100px, 100px	1	0.5	65.589px -8.59px	1.01338 1.00669	0px	1	0.308321	0	0px calc(-50% - 142.86px)	1	0.7869	1	0px 0%	1	1	0	0px -36px
2-commit	1320	1	1	0.994038	0.86	45deg	none	100px, 100px	1	0.5	65.589px -8.59px	1.01354 1.00677	0px	1	0.238734	0	0px calc(-50% - 142.86px)	1	0.789357	1	0px 0%	1	1	0	0px -36px
2-commit	1360	1	1	0.995801	0.86	45deg	none	100px, 100px	1	0.5	65.589px -8.59px	1.01367 1.00684	0px	1	0.164548	0	0px calc(-50% - 142.86px)	1	0.792171	1	0px 0%	1	1	0	0px -36px
2-commit	1400	1	1	0.997261	0.86	45deg	none	100px, 100px	1	0.5	65.589px -8.59px	1.01379 1.00689	0px	1	0.0857563	0	0px calc(-50% - 142.86px)	1	0.795334	1	0px 0%	1	1	0	0px -36px
2-commit	1440	1	1	0.998414	0.86	45deg	none	100px, 100px	1	0.5	65.589px -8.59px	1.01388 1.00694	0px	1	0.0015554	0	0px calc(-50% - 142.86px)	1	0.798834	1	0px 0%	1	1	0	0px -36px
2-commit	1480	1	1	0.999256	0.86	45deg	none	100px, 100px	1	0.5	65.589px -8.59px	1.01394 1.00697	0px	1	0	0	0px calc(-50% - 142.86px)	1	0.802663	1	0px 0%	1	1	0	0px -36px
2-commit	1520	1	1	0.999784	0.86	45deg	none	100px, 100px	1	0.5	65.589px -8.59px	1.01398 1.00699	0px	1	0	0	0px calc(-50% - 142.86px)	1	0.806806	1	0px 0%	1	1	0	0px -36px
2-commit	1560	1	1	0.999996	0.86	45deg	none	100px, 100px	1	0.5	65.589px -8.59px	1.014 1.007	0px	1	0	0	0px calc(-50% - 142.86px)	1	0.811252	1	0px 0%	1	1	0	0px -36px
2-commit	1600	1	1	0.99989	0.86	45deg	none	100px, 100px	1	0.5	65.589px -8.59px	1.01399 1.007	0px	1	0	0	0px calc(-50% - 142.86px)	1	0.815985	1	0px 0%	1	1	0	0px -36px
3-next	0	1	1	0.980642	0.86	45deg	none	100px, 100px	1	0.5	65.589px -8.59px	1.01249 1.00625	0px	1	0	0	0px -50%	1	0.877821	0	0px 112%	0	0	1	0px
3-next	40	1	1	0.97719	0.826383	54.4549deg	none	100px, 100px	1	0.496916	65.589px -8.59px	1.01223 1.00611	0px	1	0	0	0px -50%	1	0.884448	0	0px 112%	0	0	0.920049	0px -2.87823px
3-next	80	1	1	0.973493	0.797156	62.6748deg	none	100px, 100px	1	0.490905	65.589px -8.59px	1.01194 1.00597	0px	1	0	0.65681	0px calc(-50% - 0.307089px)	1	0.891097	0	0px 112%	0	0	0.733296	0px -9.60133px
3-next	120	1	1	0.969565	0.772965	69.4785deg	none	100px, 100px	0.945376	0.491437	65.589px -8.59px	1.01163 1.00582	0px	1	0	0.847866	0px calc(-50% - 2.89576px)	1	0.897742	0	0px 112%	0	0	0.479023	0px -18.7552px
3-next	160	1	1	0.965417	0.753818	74.8636deg	none	100px, 100px	0.838494	0.49425	65.589px -8.59px	1.01131 1.00566	0px	1	0	0.85	0px calc(-50% - 8.41179px)	1	0.904358	0.196589	0px 112%	0	0	0.172851	0px -29.7774px
3-next	200	1	1	0.961065	0.739175	78.9821deg	none	100px, 100px	0.759326	0.496334	65.589px -8.59px	1.01097 1.00549	0px	1	0	0.85	0px calc(-50% - 17.1653px)	1	0.910918	0.515664	0px 112%	0	0	0	0px -36px
3-next	240	1	1	0.956523	0.728225	82.0617deg	none	100px, 100px	0.705879	0.49774	65.589px -8.59px	1.01062 1.00531	0px	1	0	0.85	0px calc(-50% - 29.2989px)	1	0.917399	0.726819	0px 78.5502%	0	0	0	0px -36px
3-next	280	1	1	0.951808	0.720146	84.3339deg	none	100px, 100px	0.671709	0.498639	65.589px -8.59px	1.01025 1.00513	0px	1	0	0.85	0px calc(-50% - 44.5826px)	1	0.923776	0.851924	0px 52.1656%	0	0	0	0px -36px
3-next	320	1	1	0.946936	0.714231	85.9975deg	none	100px, 100px	0.650407	0.4992	65.589px -8.59px	1.00987 1.00494	0px	1	0	0.85	0px calc(-50% - 62.1911px)	1	0.930026	0.922484	0px 33.2993%	0.369666	0	0	0px -36px
3-next	360	1	1	0.941925	0.709926	87.2084deg	none	100px, 100px	0.637314	0.499544	65.589px -8.59px	1.00948 1.00474	0px	1	0	0.85	0px calc(-50% - 80.6689px)	1	0.936124	0.961383	0px 20.7168%	0.633979	0	0	0px -36px
3-next	400	1	1	0.936794	0.70681	88.0847deg	none	100px, 100px	0.629399	0.499753	65.589px -8.59px	1.00908 1.00454	0px	1	0	0.85	0px calc(-50% - 98.2774px)	1	0.942049	0.982246	0px 12.6269%	0.798045	0	0	0px -36px
3-next	440	1	1	0.931561	0.704574	88.7136deg	none	100px, 100px	0.624749	0.499875	65.589px -8.59px	1.00868 1.00434	0px	1	0	0.85	0px calc(-50% - 113.561px)	1	0.947779	0.992864	0px 7.51488%	0.892338	0	0	0px -36px
3-next	480	1	1	0.926247	0.702988	89.1597deg	none	100px, 100px	0.622146	0.499944	65.589px -8.59px	1.00826 1.00413	0px	1	0	0.809633	0px calc(-50% - 125.695px)	1	0.953293	0.997746	0px 4.32515%	0.944863	0	0	0px -36px
3-next	520	1	1	0.92087	0.701881	89.4709deg	none	100px, 100px	0.620807	0.499979	65.589px -8.59px	1.00785 1.00392	0px	1	0	0.656455	0px calc(-50% - 134.448px)	1	0.958573	0.999573	0px 2.36987%	0.973482	0.286351	0	0px -36px
3-next	560	1	1	0.915452	0.701128	89.6828deg	none	100px, 100px	0.620215	0.499994	65.589px -8.59px	1.00742 1.00371	0px	1	0	0.432567	0px calc(-50% - 139.964px)	1	0.9636	0.999986	0px 1.20676%	0.988499	0.578199	0	0px -36px
3-next	600	1	1	0.910014	0.700632	89.8223deg	none	100px, 100px	0.620024	0.499999	65.589px -8.59px	1.007 1.0035	0px	1	0	0.156936	0px calc(-50% - 142.553px)	1	0.968357	1	0px 0.549025%	0.995823	0.764865	0	0px -36px
3-next	640	1	1	0.904575	0.700321	89.9096deg	none	100px, 100px	0.62	0.5	65.589px -8.59px	1.00658 1.00329	0px	1	0	0	0px calc(-50% - 142.86px)	1	0.972827	1	0px 0.20758%	0.99892	0.873597	0	0px -36px
3-next	680	1	1	0.899157	0.700141	89.9604deg	none	100px, 100px	0.62	0.5	65.589px -8.59px	1.00616 1.00308	0px	1	0	0	0px calc(-50% - 142.86px)	1	0.976997	1	0px 0.0555338%	0.999881	0.934513	0	0px -36px
3-next	720	1	1	0.89378	0.700048	89.9865deg	none	100px, 100px	0.62	0.5	65.589px -8.59px	1.00574 1.00287	0px	1	0	0	0px calc(-50% - 142.86px)	1	0.980853	1	0px 0.00630883%	1	0.96791	0	0px -36px
3-next	760	1	1	0.888465	0.70001	89.9973deg	none	100px, 100px	0.62	0.5	65.589px -8.59px	1.00533 1.00266	0px	1	0	0	0px calc(-50% - 142.86px)	1	0.984382	1	0px 0%	1	0.985644	0	0px -36px
3-next	800	1	1	0.883232	0.7	89.9999deg	none	100px, 100px	0.62	0.5	65.589px -8.59px	1.00492 1.00246	0px	1	0	0	0px calc(-50% - 142.86px)	1	0.987573	1	0px 0%	1	0.994494	0	0px -36px
3-next	840	1	1	0.8781	0.7	90deg	none	100px, 100px	0.62	0.5	65.589px -8.59px	1.00452 1.00226	0px	1	0	0	0px calc(-50% - 142.86px)	1	0.990417	1	0px 0%	1	0.998411	0	0px -36px
3-next	880	1	1	0.873089	0.7	90deg	none	100px, 100px	0.62	0.5	65.589px -8.59px	1.00413 1.00206	0px	1	0	0	0px calc(-50% - 142.86px)	1	0.992905	1	0px 0%	1	0.99976	0	0px -36px
3-next	920	1	1	0.868216	0.7	90deg	none	100px, 100px	0.62	0.5	65.589px -8.59px	1.00375 1.00188	0px	1	0	0	0px calc(-50% - 142.86px)	1	0.995029	1	0px 0%	1	0.999998	0	0px -36px
3-next	960	1	1	0.8635	0.7	90deg	none	100px, 100px	0.62	0.5	65.589px -8.59px	1.00338 1.00169	0px	1	0	0	0px calc(-50% - 142.86px)	1	0.996783	1	0px 0%	1	1	0	0px -36px
3-next	1000	1	1	0.858957	0.7	90deg	none	100px, 100px	0.62	0.5	65.589px -8.59px	1.00303 1.00152	0px	1	0	0	0px calc(-50% - 142.86px)	1	0.99816	1	0px 0%	1	1	0	0px -36px
3-next	1040	1	1	0.854604	0.7	90deg	none	100px, 100px	0.62	0.5	65.589px -8.59px	1.00269 1.00135	0px	1	0	0	0px calc(-50% - 142.86px)	1	0.999158	1	0px 0%	1	1	0	0px -36px
3-next	1080	1	1	0.850456	0.7	90deg	none	100px, 100px	0.62	0.5	65.589px -8.59px	1.00237 1.00118	0px	1	0	0	0px calc(-50% - 142.86px)	1	0.999772	1	0px 0%	1	1	0	0px -36px
3-next	1120	1	1	0.846526	0.7	90deg	none	100px, 100px	0.62	0.5	65.589px -8.59px	1.00206 1.00103	0px	1	0	0	0px calc(-50% - 142.86px)	1	0.999999	1	0px 0%	1	1	0	0px -36px
3-next	1160	1	1	0.842828	0.7	90deg	none	100px, 100px	0.62	0.5	65.589px -8.59px	1.00178 1.00089	0px	1	0	0	0px calc(-50% - 142.86px)	1	0.999838	1	0px 0%	1	1	0	0px -36px
3-next	1200	1	1	0.839374	0.7	90deg	none	100px, 100px	0.62	0.5	65.589px -8.59px	1.00151 1.00075	0px	1	0	0	0px calc(-50% - 142.86px)	1	0.999289	1	0px 0%	1	1	0	0px -36px
3-next	1240	1	1	0.836176	0.7	90deg	none	100px, 100px	0.62	0.5	65.589px -8.59px	1.00126 1.00063	0px	1	0	0	0px calc(-50% - 142.86px)	1	0.998357	1	0px 0%	1	1	0	0px -36px
3-next	1280	1	1	0.833243	0.7	90deg	none	100px, 100px	0.62	0.5	65.589px -8.59px	1.00103 1.00052	0px	1	0	0	0px calc(-50% - 142.86px)	1	0.997043	1	0px 0%	1	1	0	0px -36px
3-next	1320	1	1	0.830585	0.7	90deg	none	100px, 100px	0.62	0.5	65.589px -8.59px	1.00082 1.00041	0px	1	0	0	0px calc(-50% - 142.86px)	1	0.995353	1	0px 0%	1	1	0	0px -36px
3-next	1360	1	1	0.82821	0.7	90deg	none	100px, 100px	0.62	0.5	65.589px -8.59px	1.00064 1.00032	0px	1	0	0	0px calc(-50% - 142.86px)	1	0.993292	1	0px 0%	1	1	0	0px -36px
3-next	1400	1	1	0.826125	0.7	90deg	none	100px, 100px	0.62	0.5	65.589px -8.59px	1.00048 1.00024	0px	1	0	0	0px calc(-50% - 142.86px)	1	0.990865	1	0px 0%	1	1	0	0px -36px
